Data,Atraso(ms),Hop_count,Bottleneck,Vazao_BBR,is_imputed
2024-01-15 18:00:00,34.345,8.0,3.0,936117721.0,0
2024-01-16 00:00:00,34.345,8.0,3.0,878629936.940229,1
2024-01-16 06:00:00,34.345,8.0,3.0,964126695.380529,1
2024-01-16 12:00:00,34.345,8.0,3.0,938092371.0986161,1
2024-01-16 18:00:00,34.345,8.0,3.0,940555805.1165534,1
2024-01-17 00:00:00,36.54,9.0,3.0,923274307.0,0
2024-01-17 06:00:00,34.345,8.0,3.0,917842284.0509661,1
2024-01-17 12:00:00,34.345,8.0,3.0,919236431.95891,1
2024-01-17 18:00:00,44.1,9.0,3.0,907492912.0,0
2024-01-18 00:00:00,34.345,8.0,3.0,913243056.8734527,1
2024-01-18 06:00:00,34.345,8.0,3.0,909153785.2782519,1
2024-01-18 12:00:00,34.345,8.0,3.0,916144942.6360934,1
2024-01-18 18:00:00,34.345,8.0,3.0,915113086.596264,1
2024-01-19 00:00:00,34.19,8.0,3.0,908964422.0,0
2024-01-19 06:00:00,43.08,9.0,3.0,936699644.0,0
2024-01-19 12:00:00,34.65,8.0,3.0,910618957.5,0
2024-01-19 18:00:00,36.28,9.0,3.0,921515123.0,0
2024-01-20 00:00:00,34.345,8.0,3.0,912731096.7329814,1
2024-01-20 06:00:00,34.345,8.0,3.0,913231751.9939137,1
2024-01-20 12:00:00,35.17,9.0,3.0,903009460.0,0
2024-01-20 18:00:00,34.345,8.0,3.0,912415847.1125861,1
2024-01-21 00:00:00,34.345,8.0,3.0,913861321.9807583,1
2024-01-21 06:00:00,34.345,8.0,3.0,913024311.3912418,1
2024-01-21 12:00:00,37.27,8.0,3.0,923116558.0,0
2024-01-21 18:00:00,38.9,9.0,3.0,910583762.0,0
2024-01-22 00:00:00,34.345,8.0,3.0,912830481.5218575,1
2024-01-22 06:00:00,34.345,8.0,3.0,912516798.7608868,1
2024-01-22 12:00:00,37.3,9.0,3.0,905763194.0,0
2024-01-22 18:00:00,32.54,8.0,3.0,921282996.0,0
2024-01-23 00:00:00,34.345,8.0,3.0,912305074.7312227,1
2024-01-23 06:00:00,34.345,8.0,3.0,911660414.1886775,1
2024-01-23 12:00:00,34.345,9.0,3.0,905133382.0,0
2024-01-23 18:00:00,39.15,9.0,3.0,922222592.0,0
2024-01-24 00:00:00,34.345,8.0,3.0,912033712.1146747,1
2024-01-24 06:00:00,34.345,8.0,3.0,911688360.0362711,1
2024-01-24 12:00:00,38.58,9.0,3.0,921827728.0,0
2024-01-24 18:00:00,37.52,9.0,3.0,900044984.0,0
2024-01-25 00:00:00,34.345,8.0,3.0,912400190.8378338,1
2024-01-25 06:00:00,35.34,9.0,3.0,867976431.33,0
2024-01-25 12:00:00,34.345,8.0,3.0,913356671.671222,1
2024-01-25 18:00:00,42.07,9.0,3.0,901044354.5,0
2024-01-26 00:00:00,34.345,8.0,3.0,913432364.8845587,1
2024-01-26 06:00:00,34.345,8.0,3.0,913324929.8053024,1
2024-01-26 12:00:00,34.345,8.0,3.0,914092165.7617154,1
2024-01-26 18:00:00,34.345,8.0,3.0,913835191.7429379,1
2024-01-27 00:00:00,34.345,8.0,3.0,914773426.4107715,1
2024-01-27 06:00:00,34.345,8.0,3.0,914079001.9344053,1
2024-01-27 12:00:00,34.345,8.0,3.0,914082003.9254317,1
2024-01-27 18:00:00,34.345,8.0,3.0,913825082.4340822,1
2024-01-28 00:00:00,34.345,8.0,3.0,914879915.5573173,1
2024-01-28 06:00:00,34.345,8.0,3.0,914354059.5936418,1
2024-01-28 12:00:00,34.345,8.0,3.0,914129150.5962373,1
2024-01-28 18:00:00,34.345,8.0,3.0,913816519.6754583,1
2024-01-29 00:00:00,34.345,8.0,3.0,915443227.2368333,1
2024-01-29 06:00:00,34.345,8.0,3.0,914864935.4254035,1
2024-01-29 12:00:00,73.46,12.0,100.0,927363096.0,0
2024-01-29 18:00:00,68.31,12.0,100.0,906652915.0,0
2024-01-30 00:00:00,34.345,8.0,3.0,912835760.0235338,1
2024-01-30 06:00:00,34.345,8.0,3.0,912579388.6545148,1
2024-01-30 12:00:00,34.345,8.0,3.0,914022709.6391481,1
2024-01-30 18:00:00,71.71,12.0,100.0,897162029.0,0
2024-01-31 00:00:00,34.345,8.0,3.0,914352098.1685536,1
2024-01-31 06:00:00,50.77,12.0,100.0,914100183.5,0
2024-01-31 12:00:00,60.02,12.0,100.0,905082345.5,0
2024-01-31 18:00:00,72.97,12.0,100.0,919025124.0,0
2024-02-01 00:00:00,58.24,8.0,3.0,921648594.0,0
2024-02-01 06:00:00,34.345,8.0,3.0,913880522.5484445,1
2024-02-01 12:00:00,34.345,8.0,3.0,913980663.4676664,1
2024-02-01 18:00:00,34.345,8.0,3.0,914402668.165729,1
2024-02-02 00:00:00,34.345,8.0,3.0,915821209.9356613,1
2024-02-02 06:00:00,35.73,8.0,3.0,921595243.0,0
2024-02-02 12:00:00,48.11,12.0,100.0,909483732.0,0
2024-02-02 18:00:00,53.85,12.0,100.0,921489279.0,0
2024-02-03 00:00:00,34.345,8.0,3.0,914575192.9912913,1
2024-02-03 06:00:00,69.08,11.0,10.0,937326632.0,0
2024-02-03 12:00:00,34.345,8.0,3.0,910079732.3782789,1
2024-02-03 18:00:00,78.72,12.0,100.0,861810757.5,0
2024-02-04 00:00:00,53.15,12.0,100.0,904556800.0,0
2024-02-04 06:00:00,34.345,8.0,3.0,913193250.5673394,1
2024-02-04 12:00:00,51.51,12.0,100.0,905221916.0,0
2024-02-04 18:00:00,34.345,8.0,3.0,912021051.335019,1
2024-02-05 00:00:00,34.345,8.0,3.0,915673661.4462922,1
2024-02-05 06:00:00,45.06,12.0,100.0,919237459.0,0
2024-02-05 12:00:00,78.22,12.0,100.0,896235917.0,0
2024-02-05 18:00:00,75.49,12.0,100.0,890871283.0,0
2024-02-06 00:00:00,34.345,8.0,3.0,915936108.7453312,1
2024-02-06 06:00:00,50.91,12.0,100.0,903509576.0,0
2024-02-06 12:00:00,34.345,8.0,3.0,914302065.8837254,1
2024-02-06 18:00:00,34.345,8.0,3.0,913967294.4433033,1
2024-02-07 00:00:00,34.345,8.0,3.0,915992512.564815,1
2024-02-07 06:00:00,77.41,12.0,100.0,899547493.5,0
2024-02-07 12:00:00,34.345,8.0,3.0,914682447.7972499,1
2024-02-07 18:00:00,34.345,8.0,3.0,915245073.315039,1
2024-02-08 00:00:00,34.345,8.0,3.0,916020620.2437369,1
2024-02-08 06:00:00,34.345,8.0,3.0,914657583.819238,1
2024-02-08 12:00:00,34.345,8.0,3.0,915237239.3458548,1
2024-02-08 18:00:00,34.345,8.0,3.0,915334046.7303659,1
2024-02-09 00:00:00,34.345,8.0,3.0,916117302.5255675,1
2024-02-09 06:00:00,34.345,8.0,3.0,914673332.5652274,1
2024-02-09 12:00:00,34.345,8.0,3.0,915436379.9711095,1
2024-02-09 18:00:00,57.83,12.0,100.0,897477006.0,0
2024-02-10 00:00:00,76.81,12.0,100.0,865399869.0,0
2024-02-10 06:00:00,34.345,8.0,3.0,916035351.8912808,1
2024-02-10 12:00:00,34.345,8.0,3.0,915542609.9387909,1
2024-02-10 18:00:00,34.345,8.0,3.0,914548873.4614377,1
2024-02-11 00:00:00,34.345,8.0,3.0,915479123.6909859,1
2024-02-11 06:00:00,34.345,8.0,3.0,915310053.2694032,1
2024-02-11 12:00:00,34.345,8.0,3.0,915559382.8823233,1
2024-02-11 18:00:00,34.345,8.0,3.0,915372663.502976,1
2024-02-12 00:00:00,34.345,8.0,3.0,916513132.1869031,1
2024-02-12 06:00:00,58.17,12.0,100.0,906392719.0,0
2024-02-12 12:00:00,34.345,8.0,3.0,914605899.8244106,1
2024-02-12 18:00:00,34.345,8.0,3.0,915306301.3021431,1
2024-02-13 00:00:00,65.33,12.0,100.0,902719890.0,0
2024-02-13 06:00:00,65.95,12.0,100.0,921910323.0,0
2024-02-13 12:00:00,34.345,8.0,3.0,914416337.6198889,1
2024-02-13 18:00:00,58.96,11.0,10.0,883368861.0,0
2024-02-14 00:00:00,34.345,8.0,3.0,915534780.0055505,1
2024-02-14 06:00:00,65.52,11.0,10.0,903826545.0,0
2024-02-14 12:00:00,34.345,8.0,3.0,914791991.9463707,1
2024-02-14 18:00:00,48.92,12.0,100.0,897963506.5,0
2024-02-15 00:00:00,34.345,8.0,3.0,916239858.9122983,1
2024-02-15 06:00:00,34.345,8.0,3.0,914499128.385697,1
2024-02-15 12:00:00,64.24,10.0,1.0,255094250.0,0
2024-02-15 18:00:00,34.345,8.0,3.0,903610130.3833418,1
2024-02-16 00:00:00,77.45,12.0,100.0,916614406.0,0
2024-02-16 06:00:00,69.62,12.0,100.0,902680579.0,0
2024-02-16 12:00:00,34.345,8.0,3.0,910570075.0945818,1
2024-02-16 18:00:00,74.9,12.0,100.0,895507318.0,0
2024-02-17 00:00:00,34.345,8.0,3.0,913521345.9247526,1
2024-02-17 06:00:00,73.78,12.0,100.0,895958182.0,0
2024-02-17 12:00:00,34.345,8.0,3.0,913013943.3333554,1
2024-02-17 18:00:00,34.345,8.0,3.0,913077930.7866852,1
2024-02-18 00:00:00,34.345,12.0,100.0,916930033.0,0
2024-02-18 06:00:00,34.345,12.0,100.0,906390907.0,0
2024-02-18 12:00:00,34.345,8.0,3.0,911468008.6029112,1
2024-02-18 18:00:00,47.54,12.0,100.0,912690736.0,0
2024-02-19 00:00:00,34.345,8.0,3.0,914225257.7036762,1
2024-02-19 06:00:00,48.0,12.0,100.0,904187310.0,0
2024-02-19 12:00:00,77.62,12.0,100.0,906441147.5,0
2024-02-19 18:00:00,38.04,8.0,3.0,907657530.5,0
2024-02-20 00:00:00,34.345,8.0,3.0,914079395.266285,1
2024-02-20 06:00:00,37.01,8.0,3.0,909531561.5,0
2024-02-20 12:00:00,34.345,8.0,3.0,913677357.4697825,1
2024-02-20 18:00:00,76.96,12.0,100.0,868616719.0,0
2024-02-21 00:00:00,34.345,8.0,3.0,914073736.1457207,1
2024-02-21 06:00:00,34.345,8.0,3.0,913319957.2547523,1
2024-02-21 12:00:00,40.87,11.0,10.0,904398494.0,0
2024-02-21 18:00:00,44.42,11.0,10.0,903906531.5,0
2024-02-22 00:00:00,51.61,11.0,10.0,917326024.0,0
2024-02-22 06:00:00,34.345,8.0,3.0,911422547.4313369,1
2024-02-22 12:00:00,73.13,12.0,100.0,898126981.5,0
2024-02-22 18:00:00,74.23,12.0,100.0,897893877.0,0
2024-02-23 00:00:00,34.345,8.0,3.0,913371490.7897907,1
2024-02-23 06:00:00,73.82,12.0,100.0,915466097.0,0
2024-02-23 12:00:00,42.77,9.0,3.0,914023130.0,0
2024-02-23 18:00:00,32.72,9.0,3.0,909509087.0,0
2024-02-24 00:00:00,34.345,8.0,3.0,913633775.8843801,1
2024-02-24 06:00:00,32.58,9.0,3.0,912788118.0,0
2024-02-24 12:00:00,36.03,9.0,3.0,924692108.0,0
2024-02-24 18:00:00,34.25,7.0,3.0,911056533.0,0
2024-02-25 00:00:00,34.345,8.0,3.0,912308022.4399412,1
2024-02-25 06:00:00,35.42,7.0,3.0,901673553.0,0
2024-02-25 12:00:00,34.345,8.0,3.0,912745346.6404377,1
2024-02-25 18:00:00,34.54,7.0,3.0,908434180.0,0
2024-02-26 00:00:00,34.345,8.0,3.0,913877116.6996561,1
2024-02-26 06:00:00,34.97,7.0,3.0,910165343.5,0
2024-02-26 12:00:00,34.345,8.0,3.0,913566840.1232123,1
2024-02-26 18:00:00,35.81,9.0,3.0,920680638.0,0
2024-02-27 00:00:00,34.345,8.0,3.0,912992655.7859588,1
2024-02-27 06:00:00,34.345,8.0,3.0,911937651.3745432,1
2024-02-27 12:00:00,34.345,8.0,3.0,912668376.331585,1
2024-02-27 18:00:00,34.345,8.0,3.0,912884033.3318405,1
2024-02-28 00:00:00,34.345,8.0,3.0,913824206.2932559,1
2024-02-28 06:00:00,34.345,8.0,3.0,912788335.3679614,1
2024-02-28 12:00:00,34.345,8.0,3.0,913700322.7558657,1
2024-02-28 18:00:00,35.78,7.0,3.0,895911695.0,0
2024-02-29 00:00:00,34.345,8.0,3.0,914130310.700623,1
2024-02-29 06:00:00,35.35,7.0,3.0,909324788.0,0
2024-02-29 12:00:00,34.345,8.0,3.0,913619398.2731994,1
2024-02-29 18:00:00,36.06,9.0,3.0,930448551.0,0
2024-03-01 00:00:00,34.345,8.0,3.0,911363378.0659075,1
2024-03-01 06:00:00,33.77,7.0,3.0,920490876.0,0
2024-03-01 12:00:00,34.5,9.0,3.0,896538262.0,0
2024-03-01 18:00:00,34.79,9.0,3.0,902431802.5,0
2024-03-02 00:00:00,34.345,8.0,3.0,912763700.9058527,1
2024-03-02 06:00:00,34.74,9.0,3.0,902039804.0,0
2024-03-02 12:00:00,34.345,8.0,3.0,912672623.5521132,1
2024-03-02 18:00:00,35.65,7.0,3.0,905805817.0,0
2024-03-03 00:00:00,31.38,9.0,3.0,905813962.0,0
2024-03-03 06:00:00,34.345,8.0,3.0,912235472.3017011,1
2024-03-03 12:00:00,35.53,7.0,3.0,900363158.0,0
2024-03-03 18:00:00,34.48,9.0,3.0,915986450.0,0
2024-03-04 00:00:00,35.29,9.0,3.0,922493038.0,0
2024-03-04 06:00:00,34.0,9.0,3.0,908331639.0,0
2024-03-04 12:00:00,35.27,9.0,3.0,862340753.0,0
2024-03-04 18:00:00,30.98,7.0,3.0,912210743.0,0
2024-03-05 00:00:00,34.345,8.0,3.0,913813315.307074,1
2024-03-05 06:00:00,34.345,8.0,3.0,913108057.5146685,1
2024-03-05 12:00:00,36.78,9.0,3.0,904032194.0,0
2024-03-05 18:00:00,38.07,9.0,3.0,905206903.0,0
2024-03-06 00:00:00,34.345,8.0,3.0,913277216.2979358,1
2024-03-06 06:00:00,31.39,8.0,3.0,907651441.0,0
2024-03-06 12:00:00,30.87,8.0,3.0,920874517.0,0
2024-03-06 18:00:00,32.03,8.0,3.0,900780947.0,0
2024-03-07 00:00:00,34.345,8.0,3.0,912374634.7859901,1
2024-03-07 06:00:00,34.345,8.0,3.0,912291345.6959273,1
2024-03-07 12:00:00,34.345,8.0,3.0,913199482.1014397,1
2024-03-07 18:00:00,31.65,8.0,3.0,915777780.0,0
2024-03-08 00:00:00,30.39,8.0,3.0,920337317.0,0
2024-03-08 06:00:00,34.345,8.0,3.0,911762643.1622667,1
2024-03-08 12:00:00,34.345,7.0,3.0,883932742.5,0
2024-03-08 18:00:00,34.345,7.0,3.0,900885872.0,0
2024-03-09 00:00:00,34.345,7.0,3.0,574727379.0,0
2024-03-09 06:00:00,34.345,7.0,3.0,905184137.0,0
2024-03-09 12:00:00,30.09,7.0,3.0,902411815.0,0
2024-03-09 18:00:00,31.42,7.0,3.0,901021961.0,0
2024-03-10 00:00:00,34.345,8.0,3.0,913605446.8685272,1
2024-03-10 06:00:00,34.345,8.0,3.0,912332344.2444125,1
2024-03-10 12:00:00,31.11,7.0,3.0,896482919.0,0
2024-03-10 18:00:00,31.42,7.0,3.0,893169622.0,0
2024-03-11 00:00:00,30.99,7.0,3.0,901198958.0,0
2024-03-11 06:00:00,32.61,7.0,3.0,914779165.0,0
2024-03-11 12:00:00,34.345,8.0,3.0,913503700.3938931,1
2024-03-11 18:00:00,31.15,7.0,3.0,905447956.0,0
2024-03-12 00:00:00,30.76,7.0,3.0,917927515.0,0
2024-03-12 06:00:00,35.24,8.0,3.0,916467842.0,0
2024-03-12 12:00:00,34.2,7.0,3.0,899208327.0,0
2024-03-12 18:00:00,35.35,7.0,3.0,863004042.0,0
2024-03-13 00:00:00,34.79,8.0,3.0,901986518.0,0
2024-03-13 06:00:00,34.345,8.0,3.0,913858065.0298371,1
2024-03-13 12:00:00,34.19,7.0,3.0,907918809.0,0
2024-03-13 18:00:00,34.345,8.0,3.0,913042172.7085309,1
2024-03-14 00:00:00,32.96,7.0,3.0,906970980.0,0
2024-03-14 06:00:00,33.01,8.0,3.0,913994273.0,0
2024-03-14 12:00:00,34.345,8.0,3.0,913018871.3629142,1
2024-03-14 18:00:00,30.48,7.0,3.0,901636332.0,0
2024-03-15 00:00:00,34.345,8.0,3.0,914064806.9235941,1
2024-03-15 06:00:00,32.12,7.0,3.0,884845089.0,0
2024-03-15 12:00:00,32.74,7.0,3.0,898529289.0,0
2024-03-15 18:00:00,34.345,8.0,3.0,913023023.1845199,1
2024-03-16 00:00:00,30.6,7.0,3.0,900552702.0,0
2024-03-16 06:00:00,34.345,8.0,3.0,913470804.4818573,1
2024-03-16 12:00:00,31.3,7.0,3.0,902198760.0,0
2024-03-16 18:00:00,31.57,7.0,3.0,866173822.0,0
2024-03-17 00:00:00,34.345,8.0,3.0,914154586.7587817,1
2024-03-17 06:00:00,30.69,7.0,3.0,917976547.0,0
2024-03-17 12:00:00,30.56,7.0,3.0,887073596.0,0
2024-03-17 18:00:00,30.98,7.0,3.0,855168594.0,0
2024-03-18 00:00:00,34.345,8.0,3.0,912793913.4608005,1
2024-03-18 06:00:00,34.345,8.0,3.0,913938863.2282388,1
2024-03-18 12:00:00,30.62,7.0,3.0,801322986.0,0
2024-03-18 18:00:00,34.345,8.0,3.0,911458371.7120955,1
2024-03-19 00:00:00,34.28,7.0,3.0,902905057.5,0
2024-03-19 06:00:00,34.345,8.0,3.0,912958111.7428399,1
2024-03-19 12:00:00,32.22,7.0,3.0,922538594.0,0
2024-03-19 18:00:00,32.42,8.0,3.0,913444245.5,0
2024-03-20 00:00:00,37.59,9.0,3.0,919397044.0,0
2024-03-20 06:00:00,34.345,8.0,3.0,912136853.9355922,1
2024-03-20 12:00:00,34.345,8.0,3.0,912458230.6545076,1
2024-03-20 18:00:00,38.23,7.0,3.0,903088021.0,0
2024-03-21 00:00:00,34.345,8.0,3.0,913594032.1620047,1
2024-03-21 06:00:00,32.19,7.0,3.0,914360055.0,0
2024-03-21 12:00:00,31.1,8.0,3.0,910498716.0,0
2024-03-21 18:00:00,30.71,7.0,3.0,918395932.0,0
2024-03-22 00:00:00,34.345,8.0,3.0,912955143.4073133,1
2024-03-22 06:00:00,34.345,8.0,3.0,912885781.9126143,1
2024-03-22 12:00:00,57.25,10.0,1.0,922018823.0,0
2024-03-22 18:00:00,42.96,10.0,20.0,823382693.0,0
2024-03-23 00:00:00,34.345,8.0,3.0,912610530.4407544,1
2024-03-23 06:00:00,34.345,8.0,3.0,913033518.7309319,1
2024-03-23 12:00:00,34.345,8.0,3.0,913277541.1419959,1
2024-03-23 18:00:00,32.6,7.0,3.0,927424517.0,0
2024-03-24 00:00:00,34.345,8.0,3.0,912599973.024752,1
2024-03-24 06:00:00,31.97,7.0,3.0,932710963.0,0
2024-03-24 12:00:00,34.345,8.0,3.0,910039088.6632526,1
2024-03-24 18:00:00,30.82,7.0,3.0,891853206.5,0
2024-03-25 00:00:00,34.345,8.0,3.0,912848245.973294,1
2024-03-25 06:00:00,32.42,7.0,3.0,914619775.0,0
2024-03-25 12:00:00,34.345,8.0,3.0,912512137.8040549,1
2024-03-25 18:00:00,30.95,7.0,3.0,890871238.0,0
2024-03-26 00:00:00,33.0,7.0,3.0,919138392.0,0
2024-03-26 06:00:00,32.48,7.0,3.0,915985167.0,0
2024-03-26 12:00:00,42.87,8.0,3.0,924214054.0,0
2024-03-26 18:00:00,33.63,7.0,3.0,903744008.0,0
2024-03-27 00:00:00,34.345,8.0,3.0,912136584.3525394,1
2024-03-27 06:00:00,33.57,7.0,3.0,899891702.0,0
2024-03-27 12:00:00,33.4,7.0,3.0,910769430.5,0
2024-03-27 18:00:00,32.66,8.0,3.0,922095765.0,0
2024-03-28 00:00:00,34.345,8.0,3.0,912888115.1632507,1
2024-03-28 06:00:00,34.345,8.0,3.0,911893643.2697506,1
2024-03-28 12:00:00,34.44,7.0,3.0,888354297.0,0
2024-03-28 18:00:00,32.64,8.0,3.0,913834395.0,0
2024-03-29 00:00:00,34.345,8.0,3.0,913674952.8261374,1
2024-03-29 06:00:00,34.345,8.0,3.0,912782005.8211844,1
2024-03-29 12:00:00,33.47,7.0,3.0,901515019.0,0
2024-03-29 18:00:00,32.45,8.0,3.0,901147295.0,0
2024-03-30 00:00:00,34.345,8.0,3.0,914084610.7321839,1
2024-03-30 06:00:00,34.25,7.0,3.0,897635459.0,0
2024-03-30 12:00:00,34.2,8.0,3.0,909331547.0,0
2024-03-30 18:00:00,33.65,7.0,3.0,918778348.0,0
2024-03-31 00:00:00,34.345,8.0,3.0,912115836.7645329,1
2024-03-31 06:00:00,34.345,8.0,3.0,912156654.851408,1
2024-03-31 12:00:00,33.23,7.0,3.0,869720100.0,0
2024-03-31 18:00:00,33.88,7.0,3.0,884764203.0,0
2024-04-01 00:00:00,34.345,8.0,3.0,914816395.4927574,1
2024-04-01 06:00:00,34.345,8.0,3.0,914218537.7585384,1
2024-04-01 12:00:00,33.73,8.0,3.0,901776306.0,0
2024-04-01 18:00:00,30.98,8.0,3.0,921050875.0,0
2024-04-02 00:00:00,34.13,7.0,3.0,918975360.0,0
2024-04-02 06:00:00,34.345,8.0,3.0,912232804.3145821,1
2024-04-02 12:00:00,34.89,7.0,3.0,920939031.5,0
2024-04-02 18:00:00,38.55,7.5,3.0,894875200.0,0
2024-04-03 00:00:00,34.345,8.0,3.0,913279470.0430875,1
2024-04-03 06:00:00,34.345,8.0,3.0,914110530.5449656,1
2024-04-03 12:00:00,34.345,8.0,3.0,914022732.8120595,1
2024-04-03 18:00:00,31.6,7.0,3.0,902615394.0,0
2024-04-04 00:00:00,34.345,8.0,3.0,913604648.04809,1
2024-04-04 06:00:00,33.03,7.0,3.0,914253783.0,0
2024-04-04 12:00:00,34.345,8.0,3.0,914508757.3035748,1
2024-04-04 18:00:00,31.78,7.0,3.0,900888619.0,0
2024-04-05 00:00:00,34.345,8.0,3.0,914328311.2915148,1
2024-04-05 06:00:00,34.345,8.0,3.0,913957787.1070493,1
2024-04-05 12:00:00,33.74,7.0,3.0,902510446.0,0
2024-04-05 18:00:00,41.2,7.0,3.0,903717575.0,0
2024-04-06 00:00:00,34.345,8.0,3.0,913643444.5370765,1
2024-04-06 06:00:00,34.345,8.0,3.0,913806048.3560687,1
2024-04-06 12:00:00,50.26,7.0,3.0,909434820.5,0
2024-04-06 18:00:00,32.78,7.0,3.0,903821077.0,0
2024-04-07 00:00:00,34.345,8.0,3.0,913284707.0943038,1
2024-04-07 06:00:00,34.345,8.0,3.0,913737955.2695582,1
2024-04-07 12:00:00,33.11,7.0,3.0,846648371.0,0
2024-04-07 18:00:00,33.19,7.0,3.0,885908569.0,0
2024-04-08 00:00:00,34.345,8.0,3.0,915153393.235595,1
2024-04-08 06:00:00,34.74,7.0,3.0,903717801.0,0
2024-04-08 12:00:00,32.81,7.0,3.0,899838823.0,0
2024-04-08 18:00:00,34.345,8.0,3.0,912779613.518971,1
2024-04-09 00:00:00,34.345,8.0,3.0,914744328.7632958,1
2024-04-09 06:00:00,34.25,7.0,3.0,906915332.0,0
2024-04-09 12:00:00,34.345,8.0,3.0,913176388.6457441,1
2024-04-09 18:00:00,44.06,9.0,3.0,897704813.0,0
2024-04-10 00:00:00,34.345,8.0,3.0,915083350.0569427,1
2024-04-10 06:00:00,34.345,8.0,3.0,913270366.1524789,1
2024-04-10 12:00:00,65.56,13.0,100.0,908793450.5,0
2024-04-10 18:00:00,76.12,12.0,100.0,899784865.0,0
2024-04-11 00:00:00,34.345,8.0,3.0,914285183.1562277,1
2024-04-11 06:00:00,34.345,8.0,3.0,914096812.3634603,1
2024-04-11 12:00:00,70.9,12.0,100.0,916981316.0,0
2024-04-11 18:00:00,43.27,11.0,10.0,906967443.0,0
2024-04-12 00:00:00,34.345,8.0,3.0,913356923.1692826,1
2024-04-12 06:00:00,34.345,8.0,3.0,913443920.3460591,1
2024-04-12 12:00:00,47.08,11.0,10.0,915200911.0,0
2024-04-12 18:00:00,42.48,11.0,10.0,907643016.0,0
2024-04-13 00:00:00,34.345,8.0,3.0,914365096.1511192,1
2024-04-13 06:00:00,70.73,12.0,100.0,923220493.0,0
2024-04-13 12:00:00,41.49,11.0,10.0,910034842.5,0
2024-04-13 18:00:00,41.5,13.0,100.0,900518779.0,0
2024-04-14 00:00:00,34.345,8.0,3.0,913639973.0940456,1
2024-04-14 06:00:00,34.345,8.0,3.0,913627070.8357694,1
2024-04-14 12:00:00,34.345,8.0,3.0,913773909.214531,1
2024-04-14 18:00:00,34.345,8.0,3.0,913556911.5123858,1
2024-04-15 00:00:00,34.345,8.0,3.0,915327778.2366661,1
2024-04-15 06:00:00,34.345,8.0,3.0,913835234.0179878,1
2024-04-15 12:00:00,34.345,8.0,3.0,913909490.8400311,1
2024-04-15 18:00:00,69.17,11.0,10.0,921337936.0,0
2024-04-16 00:00:00,34.345,8.0,3.0,913487485.0731052,1
2024-04-16 06:00:00,38.36,11.0,10.0,923902299.0,0
2024-04-16 12:00:00,66.14,11.0,10.0,904710504.5,0
2024-04-16 18:00:00,31.9,7.0,3.0,902103316.0,0
2024-04-17 00:00:00,34.345,8.0,3.0,912980535.8068571,1
2024-04-17 06:00:00,34.345,8.0,3.0,914124982.2050589,1
2024-04-17 12:00:00,32.81,8.0,3.0,905001044.0,0
2024-04-17 18:00:00,32.57,8.0,3.0,903877528.0,0
2024-04-18 00:00:00,34.345,8.0,3.0,913453969.7248694,1
2024-04-18 06:00:00,32.59,8.0,3.0,890869496.0,0
2024-04-18 12:00:00,32.15,8.0,3.0,868642660.0,0
2024-04-18 18:00:00,31.25,7.0,3.0,892759882.0,0
2024-04-19 00:00:00,34.345,8.0,3.0,915775667.6219151,1
2024-04-19 06:00:00,32.79,8.0,3.0,919334835.0,0
2024-04-19 12:00:00,36.54,8.0,3.0,904320536.5,0
2024-04-19 18:00:00,34.32,7.0,3.0,903456424.0,0
2024-04-20 00:00:00,34.345,8.0,3.0,912333999.0511892,1
2024-04-20 06:00:00,34.345,8.0,3.0,913267724.4860698,1
2024-04-20 12:00:00,33.14,7.0,3.0,895597232.0,0
2024-04-20 18:00:00,32.76,7.0,3.0,878342145.0,0
2024-04-21 00:00:00,34.345,8.0,3.0,915247229.9298637,1
2024-04-21 06:00:00,34.345,8.0,3.0,913369104.9100326,1
2024-04-21 12:00:00,33.15,7.0,3.0,906063512.0,0
2024-04-21 18:00:00,33.15,7.0,3.0,899651972.5,0
2024-04-22 00:00:00,34.345,8.0,3.0,913894899.5905246,1
2024-04-22 06:00:00,33.1,8.0,3.0,898317260.0,0
2024-04-22 12:00:00,34.11,8.0,3.0,908533646.0,0
2024-04-22 18:00:00,32.41,7.0,3.0,900465990.0,0
2024-04-23 00:00:00,34.345,8.0,3.0,914902960.5426531,1
2024-04-23 06:00:00,33.25,7.0,3.0,901407303.0,0
2024-04-23 12:00:00,65.2,10.0,1.0,898310837.0,0
2024-04-23 18:00:00,34.345,8.0,3.0,913638532.1862909,1
2024-04-24 00:00:00,34.345,8.0,3.0,915031182.9635711,1
2024-04-24 06:00:00,34.345,8.0,3.0,913811444.5146106,1
2024-04-24 12:00:00,34.345,8.0,3.0,913723770.2724142,1
2024-04-24 18:00:00,30.33,7.0,3.0,569450106.0,0
2024-04-25 00:00:00,34.345,8.0,3.0,912833951.2981603,1
2024-04-25 06:00:00,34.345,8.0,3.0,913877833.7357388,1
2024-04-25 12:00:00,34.345,8.0,3.0,913755688.5965091,1
2024-04-25 18:00:00,31.39,7.0,3.0,906600350.0,0
2024-04-26 00:00:00,34.345,8.0,3.0,913066990.3504018,1
2024-04-26 06:00:00,34.345,8.0,3.0,914203823.302473,1
2024-04-26 12:00:00,34.345,8.0,3.0,914473856.7271973,1
2024-04-26 18:00:00,34.345,8.0,3.0,913742634.9203551,1
2024-04-27 00:00:00,32.99,7.0,3.0,915621049.0,0
2024-04-27 06:00:00,30.35,7.0,3.0,898634157.5,0
2024-04-27 12:00:00,30.11,7.0,3.0,922906104.0,0
2024-04-27 18:00:00,32.95,7.0,3.0,916962586.0,0
2024-04-28 00:00:00,34.345,8.0,3.0,912133456.4076667,1
2024-04-28 06:00:00,34.345,8.0,3.0,912529660.8226689,1
2024-04-28 12:00:00,34.345,8.0,3.0,913408565.199581,1
2024-04-28 18:00:00,37.44,8.0,3.0,887636686.5,0
2024-04-29 00:00:00,34.345,8.0,3.0,914755853.1215209,1
2024-04-29 06:00:00,34.345,8.0,3.0,913980790.3591937,1
2024-04-29 12:00:00,34.345,8.0,3.0,914042480.0356687,1
2024-04-29 18:00:00,34.345,8.0,3.0,914035688.0135664,1
2024-04-30 00:00:00,34.345,8.0,3.0,914877204.5757849,1
2024-04-30 06:00:00,34.345,8.0,3.0,914178879.7462614,1
2024-04-30 12:00:00,43.08,7.0,3.0,572427166.0,0
2024-04-30 18:00:00,194.24,16.0,20.0,846833788.0,0
2024-05-01 00:00:00,34.345,8.0,3.0,912833513.0391854,1
2024-05-01 06:00:00,146.24,14.0,100.0,848043698.0,0
2024-05-01 12:00:00,34.345,8.0,3.0,913837260.3552607,1
2024-05-01 18:00:00,166.88,13.0,10.0,695260956.0,0
2024-05-02 00:00:00,34.345,8.0,3.0,911972880.4024369,1
2024-05-02 06:00:00,34.345,8.0,3.0,911891465.7181814,1
2024-05-02 12:00:00,50.09,7.0,3.0,904759639.0,0
2024-05-02 18:00:00,33.11,7.0,3.0,916301069.0,0
2024-05-03 00:00:00,34.345,8.0,3.0,913029666.191009,1
2024-05-03 06:00:00,34.345,8.0,3.0,914200111.2083331,1
2024-05-03 12:00:00,34.345,8.0,3.0,914428832.9316729,1
2024-05-03 18:00:00,34.345,8.0,3.0,914034811.8330777,1
2024-05-04 00:00:00,34.345,8.0,3.0,915028590.2651049,1
2024-05-04 06:00:00,34.345,8.0,3.0,914198364.0602295,1
2024-05-04 12:00:00,33.06,7.0,3.0,916040467.0,0
2024-05-04 18:00:00,35.37,10.0,20.0,907753287.0,0
2024-05-05 00:00:00,34.345,8.0,3.0,914620029.0712448,1
2024-05-05 06:00:00,37.31,7.0,3.0,905397700.0,0
2024-05-05 12:00:00,33.77,7.0,3.0,903925844.0,0
2024-05-05 18:00:00,32.83,7.0,3.0,886026410.5,0
2024-05-06 00:00:00,34.345,8.0,3.0,915437097.1890866,1
2024-05-06 06:00:00,34.345,8.0,3.0,913834648.0934979,1
2024-05-06 12:00:00,43.85,11.0,20.0,921072566.0,0
2024-05-06 18:00:00,34.345,8.0,3.0,912847463.4503204,1
2024-05-07 00:00:00,34.345,8.0,3.0,913876436.4750079,1
2024-05-07 06:00:00,35.82,7.0,3.0,919236080.0,0
2024-05-07 12:00:00,41.99,8.0,3.0,899018578.5,0
2024-05-07 18:00:00,34.12,7.0,3.0,900202889.0,0
2024-05-08 00:00:00,34.345,8.0,3.0,914694999.0494925,1
2024-05-08 06:00:00,34.345,8.0,3.0,914253029.7943263,1
2024-05-08 12:00:00,34.345,8.0,3.0,913974122.6324422,1
2024-05-08 18:00:00,32.59,7.0,3.0,921263069.5,0
2024-05-09 00:00:00,34.345,8.0,3.0,913555516.7540959,1
2024-05-09 06:00:00,34.345,8.0,3.0,913238714.4248413,1
2024-05-09 12:00:00,36.43,7.0,3.0,904084261.0,0
2024-05-09 18:00:00,32.74,7.0,3.0,915986587.0,0
2024-05-10 00:00:00,34.345,8.0,3.0,913280797.6623402,1
2024-05-10 06:00:00,34.345,8.0,3.0,913605277.7749192,1
2024-05-10 12:00:00,33.32,7.0,3.0,902794497.0,0
2024-05-10 18:00:00,42.11,10.0,20.0,903612581.0,0
2024-05-11 00:00:00,34.345,8.0,3.0,913908156.769841,1
2024-05-11 06:00:00,34.345,8.0,3.0,913933480.3605492,1
2024-05-11 12:00:00,34.1,7.0,3.0,902667191.0,0
2024-05-11 18:00:00,32.81,7.0,3.0,917217842.5,0
2024-05-12 00:00:00,34.345,8.0,3.0,912791271.9751962,1
2024-05-12 06:00:00,34.345,8.0,3.0,913949658.9273021,1
2024-05-12 12:00:00,32.08,7.0,3.0,929546171.0,0
2024-05-12 18:00:00,32.96,7.0,3.0,915112026.33,0
2024-05-13 00:00:00,34.345,8.0,3.0,912343629.8174584,1
2024-05-13 06:00:00,34.345,8.0,3.0,912707425.2446015,1
2024-05-13 12:00:00,36.27,7.0,3.0,877711330.0,0
2024-05-13 18:00:00,70.52,10.0,20.0,908961605.0,0
2024-05-14 00:00:00,34.345,8.0,3.0,914613553.0599667,1
2024-05-14 06:00:00,36.36,7.0,3.0,892162644.0,0
2024-05-14 12:00:00,33.28,7.0,3.0,917401252.0,0
2024-05-14 18:00:00,34.345,8.0,3.0,912377477.5366907,1
2024-05-15 00:00:00,34.345,8.0,3.0,914304525.3835344,1
2024-05-15 06:00:00,33.11,7.0,3.0,901779057.0,0
2024-05-15 12:00:00,32.18,7.0,3.0,907751562.0,0
2024-05-15 18:00:00,42.14,10.0,20.0,900990459.0,0
2024-05-16 00:00:00,34.345,8.0,3.0,915225172.6946073,1
2024-05-16 06:00:00,34.345,8.0,3.0,913436284.8796782,1
2024-05-16 12:00:00,34.345,8.0,3.0,913826356.0178211,1
2024-05-16 18:00:00,33.23,7.5,3.0,904027623.0,0
2024-05-17 00:00:00,34.56,7.0,3.0,904085481.0,0
2024-05-17 06:00:00,34.345,8.0,3.0,913243701.0502636,1
2024-05-17 12:00:00,41.35,10.0,20.0,924165853.5,0
2024-05-17 18:00:00,31.78,8.0,3.0,879023106.0,0
2024-05-18 00:00:00,34.345,8.0,3.0,913068871.5693107,1
2024-05-18 06:00:00,34.345,8.0,3.0,913229331.8107522,1
2024-05-18 12:00:00,35.29,7.0,3.0,910594735.0,0
2024-05-18 18:00:00,33.71,7.0,3.0,920495203.0,0
2024-05-19 00:00:00,34.345,8.0,3.0,913772330.8017175,1
2024-05-19 06:00:00,33.28,8.0,3.0,935908287.0,0
2024-05-19 12:00:00,33.24,8.0,3.0,922329524.0,0
2024-05-19 18:00:00,34.02,8.0,3.0,923485731.0,0
2024-05-20 00:00:00,34.345,8.0,3.0,911470976.1653551,1
2024-05-20 06:00:00,34.62,8.0,3.0,922220194.0,0
2024-05-20 12:00:00,34.37,8.0,3.0,924060418.0,0
2024-05-20 18:00:00,35.79,7.0,3.0,922485427.0,0
2024-05-21 00:00:00,34.345,8.0,3.0,913636341.0586629,1
2024-05-21 06:00:00,34.345,8.0,3.0,913276376.1343592,1
2024-05-21 12:00:00,33.36,7.0,3.0,902145744.0,0
2024-05-21 18:00:00,34.29,7.0,3.0,905761262.0,0
2024-05-22 00:00:00,34.345,8.0,3.0,914229813.9899944,1
2024-05-22 06:00:00,34.345,8.0,3.0,913316175.2224787,1
2024-05-22 12:00:00,39.05,8.0,3.0,916144286.0,0
2024-05-22 18:00:00,33.04,7.0,3.0,873255009.0,0
2024-05-23 00:00:00,34.345,8.0,3.0,913893998.4257349,1
2024-05-23 06:00:00,34.345,8.0,3.0,914177468.0557612,1
2024-05-23 12:00:00,34.345,8.0,3.0,914045177.1525539,1
2024-05-23 18:00:00,34.345,8.0,3.0,914051020.2985361,1
2024-05-24 00:00:00,34.345,8.0,3.0,914924140.717517,1
2024-05-24 06:00:00,34.345,8.0,3.0,914342492.9755028,1
2024-05-24 12:00:00,33.76,7.0,3.0,342202863.0,0
2024-05-24 18:00:00,31.99,7.0,3.0,905865214.0,0
2024-05-25 00:00:00,34.345,8.0,3.0,910576683.1032369,1
2024-05-25 06:00:00,34.345,8.0,3.0,912538861.0503094,1
2024-05-25 12:00:00,32.81,8.0,3.0,892314352.0,0
2024-05-25 18:00:00,32.93,8.0,3.0,903349398.0,0
2024-05-26 00:00:00,34.345,8.0,3.0,914111956.6651688,1
2024-05-26 06:00:00,34.345,8.0,3.0,913604055.83853,1
2024-05-26 12:00:00,34.345,8.0,3.0,913892032.60799,1
2024-05-26 18:00:00,32.28,8.0,3.0,885735114.0,0
2024-05-27 00:00:00,34.345,8.0,3.0,914578600.2590274,1
2024-05-27 06:00:00,34.345,8.0,3.0,914060844.9762338,1
2024-05-27 12:00:00,42.24,10.0,20.0,901649903.0,0
2024-05-27 18:00:00,32.36,8.0,3.0,908330049.0,0
2024-05-28 00:00:00,34.345,8.0,3.0,915153357.4880714,1
2024-05-28 06:00:00,35.51,7.0,3.0,905604383.0,0
2024-05-28 12:00:00,34.345,8.0,3.0,913306383.7582709,1
2024-05-28 18:00:00,34.345,8.0,3.0,913547044.6695493,1
2024-05-29 00:00:00,34.345,8.0,3.0,915161644.5916773,1
2024-05-29 06:00:00,34.345,8.0,3.0,914068546.7729579,1
2024-05-29 12:00:00,34.345,8.0,3.0,914111293.161128,1
2024-05-29 18:00:00,34.345,8.0,3.0,913889067.1043295,1
2024-05-30 00:00:00,34.345,8.0,3.0,914927771.6842122,1
2024-05-30 06:00:00,34.93,7.0,3.0,909379627.0,0
2024-05-30 12:00:00,34.01,8.0,3.0,908093825.0,0
2024-05-30 18:00:00,34.15,8.0,3.0,877444148.0,0
2024-05-31 00:00:00,34.345,8.0,3.0,915131045.6171358,1
2024-05-31 06:00:00,34.345,8.0,3.0,913955066.7254777,1
2024-05-31 12:00:00,34.345,8.0,3.0,913786399.55663,1
2024-05-31 18:00:00,34.345,8.0,3.0,913618541.6537787,1
2024-06-01 00:00:00,42.61,8.0,3.0,921281038.0,0
2024-06-01 06:00:00,42.37,8.0,3.0,907283332.0,0
2024-06-01 12:00:00,33.65,8.0,3.0,923064268.0,0
2024-06-01 18:00:00,34.46,8.0,3.0,873413868.0,0
2024-06-02 00:00:00,34.345,8.0,3.0,913818155.8088793,1
2024-06-02 06:00:00,34.345,8.0,3.0,913827258.7712183,1
2024-06-02 12:00:00,34.345,8.0,3.0,914127102.857804,1
2024-06-02 18:00:00,33.03,8.0,3.0,922461773.0,0
2024-06-03 00:00:00,34.345,8.0,3.0,913856168.1043851,1
2024-06-03 06:00:00,34.345,8.0,3.0,913430811.8960183,1
2024-06-03 12:00:00,34.345,8.0,3.0,913880169.2620077,1
2024-06-03 18:00:00,34.345,8.0,3.0,914318261.0407891,1
2024-06-04 00:00:00,34.345,8.0,3.0,914833329.3830363,1
2024-06-04 06:00:00,34.345,8.0,3.0,913861688.2768635,1
2024-06-04 12:00:00,53.75,12.0,10.0,924234227.0,0
2024-06-04 18:00:00,32.45,9.0,3.0,883287195.0,0
2024-06-05 00:00:00,34.345,8.0,3.0,913789731.5751135,1
2024-06-05 06:00:00,34.345,8.0,3.0,913715482.9040148,1
2024-06-05 12:00:00,34.345,8.0,3.0,914497227.623977,1
2024-06-05 18:00:00,34.345,8.0,3.0,913972470.1100746,1
2024-06-06 00:00:00,34.345,8.0,3.0,914623895.9756792,1
2024-06-06 06:00:00,50.84,14.0,20.0,919967233.0,0
2024-06-06 12:00:00,56.4,11.0,3.0,873306713.0,0
2024-06-06 18:00:00,39.55,13.5,3.0,923559155.5,0
2024-06-07 00:00:00,34.345,8.0,3.0,913335913.1009604,1
2024-06-07 06:00:00,34.345,8.0,3.0,913281115.5728724,1
2024-06-07 12:00:00,47.31,14.0,10.0,918037215.0,0
2024-06-07 18:00:00,49.18,14.0,10.0,909327926.0,0
2024-06-08 00:00:00,34.345,8.0,3.0,914160330.079564,1
2024-06-08 06:00:00,39.65,10.0,3.0,922854736.0,0
2024-06-08 12:00:00,34.345,8.0,3.0,912572598.0249361,1
2024-06-08 18:00:00,40.14,14.0,10.0,911109007.5,0
2024-06-09 00:00:00,34.345,8.0,3.0,913962352.9566532,1
2024-06-09 06:00:00,34.345,8.0,3.0,913890889.0080829,1
2024-06-09 12:00:00,38.49,10.0,3.0,904678958.0,0
2024-06-09 18:00:00,38.53,10.0,3.0,909953090.0,0
2024-06-10 00:00:00,34.345,8.0,3.0,915029010.3288254,1
2024-06-10 06:00:00,34.345,8.0,3.0,914679782.66998,1
2024-06-10 12:00:00,36.52,8.0,3.0,864733526.0,0
2024-06-10 18:00:00,34.47,8.0,3.0,853833578.0,0
2024-06-11 00:00:00,34.345,8.0,3.0,915328232.5231649,1
2024-06-11 06:00:00,32.9,9.0,3.0,923219523.0,0
2024-06-11 12:00:00,34.68,9.0,3.0,222825831.0,0
2024-06-11 18:00:00,34.345,8.0,3.0,900971840.351021,1
2024-06-12 00:00:00,34.345,8.0,3.0,905325325.6073923,1
2024-06-12 06:00:00,33.57,9.0,3.0,923067729.0,0
2024-06-12 12:00:00,34.345,8.0,3.0,910656180.6012561,1
2024-06-12 18:00:00,33.93,9.0,3.0,914226832.0,0
2024-06-13 00:00:00,34.345,8.0,3.0,913663025.7958602,1
2024-06-13 06:00:00,34.345,8.0,3.0,913426762.8241111,1
2024-06-13 12:00:00,35.49,9.0,3.0,909746675.0,0
2024-06-13 18:00:00,33.06,8.0,3.0,924184222.0,0
2024-06-14 00:00:00,34.345,8.0,3.0,912816531.0658889,1
2024-06-14 06:00:00,34.345,8.0,3.0,912720046.0807024,1
2024-06-14 12:00:00,32.97,9.0,3.0,923461806.0,0
2024-06-14 18:00:00,34.345,8.0,3.0,912532699.8434973,1
2024-06-15 00:00:00,34.345,8.0,3.0,913350102.9532388,1
2024-06-15 06:00:00,34.345,8.0,3.0,913283845.1811911,1
2024-06-15 12:00:00,34.345,8.0,3.0,913887646.2211255,1
2024-06-15 18:00:00,34.345,8.0,3.0,913559550.2187341,1
2024-06-16 00:00:00,34.345,8.0,3.0,914087769.7284536,1
2024-06-16 06:00:00,34.345,8.0,3.0,914241437.2918879,1
2024-06-16 12:00:00,34.345,8.0,3.0,914020109.297893,1
2024-06-16 18:00:00,34.345,8.0,3.0,913898387.7314072,1
2024-06-17 00:00:00,34.345,8.0,3.0,915114107.8066766,1
2024-06-17 06:00:00,34.345,8.0,3.0,914339707.7273469,1
2024-06-17 12:00:00,34.345,8.0,3.0,913913671.2175264,1
2024-06-17 18:00:00,34.345,8.0,3.0,914093915.4181141,1
2024-06-18 00:00:00,34.345,8.0,3.0,915058015.4708965,1
2024-06-18 06:00:00,34.345,8.0,3.0,914074220.0060792,1
2024-06-18 12:00:00,34.345,8.0,3.0,914166554.1916652,1
2024-06-18 18:00:00,34.345,8.0,3.0,914013159.4244634,1
2024-06-19 00:00:00,34.21,9.0,3.0,914729801.0,0
2024-06-19 06:00:00,34.345,8.0,3.0,914014976.4560914,1
2024-06-19 12:00:00,34.345,8.0,3.0,914235035.3713994,1
2024-06-19 18:00:00,34.345,8.0,3.0,914023894.6066761,1
2024-06-20 00:00:00,34.345,8.0,3.0,914864287.7298853,1
2024-06-20 06:00:00,34.345,8.0,3.0,913840403.1118008,1
2024-06-20 12:00:00,34.345,8.0,3.0,914163107.7669437,1
2024-06-20 18:00:00,34.345,8.0,3.0,914093141.9084042,1
2024-06-21 00:00:00,34.345,8.0,3.0,914869149.2404897,1
2024-06-21 06:00:00,34.345,8.0,3.0,913816504.1315136,1
2024-06-21 12:00:00,34.345,8.0,3.0,914204284.9700215,1
2024-06-21 18:00:00,34.345,8.0,3.0,914129598.8676583,1
2024-06-22 00:00:00,34.345,8.0,3.0,914740851.2616451,1
2024-06-22 06:00:00,34.345,8.0,3.0,913859532.8305306,1
2024-06-22 12:00:00,34.345,8.0,3.0,914097485.8817799,1
2024-06-22 18:00:00,34.345,8.0,3.0,914109092.8735423,1
2024-06-23 00:00:00,34.345,8.0,3.0,914678960.9662867,1
2024-06-23 06:00:00,34.345,8.0,3.0,913940947.6365123,1
2024-06-23 12:00:00,34.345,8.0,3.0,914017794.7963357,1
2024-06-23 18:00:00,34.345,8.0,3.0,914220513.1344804,1
2024-06-24 00:00:00,34.345,8.0,3.0,915200276.730431,1
2024-06-24 06:00:00,34.345,8.0,3.0,914058119.6025956,1
2024-06-24 12:00:00,34.345,8.0,3.0,914226430.4211289,1
2024-06-24 18:00:00,34.345,8.0,3.0,910218990.0,0
2024-06-25 00:00:00,34.345,8.0,3.0,914837368.2497518,1
2024-06-25 06:00:00,34.345,8.0,3.0,914042342.3852012,1
2024-06-25 12:00:00,34.345,8.0,3.0,914253480.7897689,1
2024-06-25 18:00:00,37.6,8.0,3.0,922958902.0,0
2024-06-26 00:00:00,34.345,8.0,3.0,913104665.4185181,1
2024-06-26 06:00:00,33.69,8.0,3.0,912317152.0,0
2024-06-26 12:00:00,33.58,8.0,3.0,922931372.5,0
2024-06-26 18:00:00,51.49,8.0,3.0,907939283.5,0
2024-06-27 00:00:00,42.52,11.0,20.0,923689720.0,0
2024-06-27 06:00:00,42.83,11.0,20.0,911737287.0,0
2024-06-27 12:00:00,35.35,8.0,3.0,909538461.5,0
2024-06-27 18:00:00,34.345,8.0,3.0,913019224.2267053,1
2024-06-28 00:00:00,32.75,8.0,3.0,923815784.0,0
2024-06-28 06:00:00,33.22,8.0,3.0,910636601.0,0
2024-06-28 12:00:00,34.345,8.0,3.0,912553853.6065041,1
2024-06-28 18:00:00,35.37,8.0,3.0,908902495.0,0
2024-06-29 00:00:00,34.345,8.0,3.0,914299783.5588725,1
2024-06-29 06:00:00,33.18,8.0,3.0,923746162.0,0
2024-06-29 12:00:00,33.51,8.0,3.0,916930712.5,0
2024-06-29 18:00:00,30.85,8.0,3.0,912604600.5,0
2024-06-30 00:00:00,34.345,8.0,3.0,912972699.8505912,1
2024-06-30 06:00:00,33.24,8.0,3.0,910219081.0,0
2024-06-30 12:00:00,34.37,8.0,3.0,909272632.5,0
2024-06-30 18:00:00,34.16,8.0,3.0,907390096.0,0
2024-07-01 00:00:00,34.345,8.0,3.0,914978576.6779338,1
2024-07-01 06:00:00,34.345,8.0,3.0,914494770.8542718,1
2024-07-01 12:00:00,35.32,8.0,3.0,915799765.0,0
2024-07-01 18:00:00,34.345,8.0,3.0,913286315.4432018,1
2024-07-02 00:00:00,34.345,8.0,3.0,914786705.3522171,1
2024-07-02 06:00:00,34.38,8.0,3.0,923959856.0,0
2024-07-02 12:00:00,31.83,8.0,3.0,923245161.0,0
2024-07-02 18:00:00,34.345,8.0,3.0,912064940.0488279,1
2024-07-03 00:00:00,34.345,8.0,3.0,913606733.2193395,1
2024-07-03 06:00:00,34.345,8.0,3.0,913860030.6925756,1
2024-07-03 12:00:00,34.345,8.0,3.0,914597628.5750524,1
2024-07-03 18:00:00,50.24,11.0,20.0,922614401.0,0
2024-07-04 00:00:00,34.345,8.0,3.0,913553672.2761065,1
2024-07-04 06:00:00,34.345,8.0,3.0,912792763.6444712,1
2024-07-04 12:00:00,33.77,8.0,3.0,904970093.25,0
2024-07-04 18:00:00,32.74,8.0,3.0,923406604.0,0
2024-07-05 00:00:00,34.345,8.0,3.0,912971164.7625389,1
2024-07-05 06:00:00,34.345,8.0,3.0,913099786.0887214,1
2024-07-05 12:00:00,34.345,8.0,3.0,913431647.8094277,1
2024-07-05 18:00:00,34.345,8.0,3.0,913837412.2844332,1
2024-07-06 00:00:00,34.345,8.0,3.0,914676880.3112304,1
2024-07-06 06:00:00,34.345,8.0,3.0,913849619.8977213,1
2024-07-06 12:00:00,34.345,8.0,3.0,914180837.3052329,1
2024-07-06 18:00:00,34.345,8.0,3.0,914399003.3956512,1
2024-07-07 00:00:00,34.345,8.0,3.0,914612153.629413,1
2024-07-07 06:00:00,34.345,8.0,3.0,914116378.4681517,1
2024-07-07 12:00:00,34.345,8.0,3.0,914182779.1404271,1
2024-07-07 18:00:00,34.345,8.0,3.0,914393565.8347116,1
2024-07-08 00:00:00,34.345,8.0,3.0,915335910.3534038,1
2024-07-08 06:00:00,34.345,8.0,3.0,914339510.8943245,1
2024-07-08 12:00:00,63.07,11.0,1.0,806723760.0,0
2024-07-08 18:00:00,48.73,12.0,10.0,910113268.0,0
2024-07-09 00:00:00,34.345,8.0,3.0,915225353.6985444,1
2024-07-09 06:00:00,34.86,9.0,3.0,910954499.0,0
2024-07-09 12:00:00,32.97,8.0,3.0,875388057.5,0
2024-07-09 18:00:00,36.53,8.0,3.0,929540855.0,0
2024-07-10 00:00:00,33.14,8.0,3.0,922009880.0,0
2024-07-10 06:00:00,35.08,8.0,3.0,907858507.0,0
2024-07-10 12:00:00,33.62,8.0,3.0,924348132.0,0
2024-07-10 18:00:00,48.2,8.0,3.0,901252063.0,0
2024-07-11 00:00:00,34.345,8.0,3.0,913036427.9694431,1
2024-07-11 06:00:00,34.345,8.0,3.0,912883948.4050701,1
2024-07-11 12:00:00,64.81,11.0,1.0,793301435.5,0
2024-07-11 18:00:00,83.01,11.0,1.0,919235667.0,0
2024-07-12 00:00:00,34.345,8.0,3.0,912993637.4094048,1
2024-07-12 06:00:00,53.69,8.0,3.0,918553540.0,0
2024-07-12 12:00:00,34.345,8.0,3.0,912623212.3354203,1
2024-07-12 18:00:00,34.13,8.0,3.0,924121919.0,0
2024-07-13 00:00:00,34.345,8.0,3.0,913210963.3246753,1
2024-07-13 06:00:00,33.66,8.0,3.0,911791494.0,0
2024-07-13 12:00:00,32.78,8.0,3.0,923584678.0,0
2024-07-13 18:00:00,34.345,8.0,3.0,912614901.559567,1
2024-07-14 00:00:00,34.345,8.0,3.0,913190158.8563409,1
2024-07-14 06:00:00,34.345,8.0,3.0,913450212.0934026,1
2024-07-14 12:00:00,34.345,8.0,3.0,913797774.024037,1
2024-07-14 18:00:00,34.345,8.0,3.0,913696121.0656524,1
2024-07-15 00:00:00,34.345,8.0,3.0,914827226.4230233,1
2024-07-15 06:00:00,34.345,8.0,3.0,914507860.1767685,1
2024-07-15 12:00:00,34.345,8.0,3.0,914223725.4238546,1
2024-07-15 18:00:00,34.345,8.0,3.0,914316875.935377,1
2024-07-16 00:00:00,34.345,8.0,3.0,915044387.7235317,1
2024-07-16 06:00:00,34.345,8.0,3.0,914231973.7398148,1
2024-07-16 12:00:00,34.345,8.0,3.0,914472319.6829314,1
2024-07-16 18:00:00,34.345,8.0,3.0,914168631.1211222,1
2024-07-17 00:00:00,34.345,8.0,3.0,915026607.888409,1
2024-07-17 06:00:00,34.345,8.0,3.0,914408073.7412928,1
2024-07-17 12:00:00,34.345,8.0,3.0,914278135.442968,1
2024-07-17 18:00:00,34.345,8.0,3.0,914163523.2912318,1
2024-07-18 00:00:00,34.345,8.0,3.0,914990626.1479539,1
2024-07-18 06:00:00,34.345,8.0,3.0,914259693.9230002,1
2024-07-18 12:00:00,34.345,8.0,3.0,914231017.7806424,1
2024-07-18 18:00:00,34.345,8.0,3.0,914244625.3301823,1
2024-07-19 00:00:00,34.345,8.0,3.0,915067246.9734843,1
2024-07-19 06:00:00,34.345,8.0,3.0,913997071.3246555,1
2024-07-19 12:00:00,34.345,8.0,3.0,914260112.4938593,1
2024-07-19 18:00:00,34.345,8.0,3.0,914332501.9711254,1
2024-07-20 00:00:00,34.345,8.0,3.0,914768888.4266236,1
2024-07-20 06:00:00,34.345,8.0,3.0,914052026.2615031,1
2024-07-20 12:00:00,34.345,8.0,3.0,914159271.8472499,1
2024-07-20 18:00:00,34.345,8.0,3.0,914231205.7770755,1
2024-07-21 00:00:00,34.345,8.0,3.0,915040987.8551102,1
2024-07-21 06:00:00,34.345,8.0,3.0,914101780.9787607,1
2024-07-21 12:00:00,34.345,8.0,3.0,914172587.9834727,1
2024-07-21 18:00:00,34.345,8.0,3.0,914303541.620962,1
2024-07-22 00:00:00,34.345,8.0,3.0,915412509.1189792,1
2024-07-22 06:00:00,34.345,8.0,3.0,914188567.255087,1
2024-07-22 12:00:00,34.345,8.0,3.0,914311538.5415179,1
2024-07-22 18:00:00,34.345,8.0,3.0,900465855.0,0
2024-07-23 00:00:00,34.345,8.0,3.0,914991385.6454874,1
2024-07-23 06:00:00,34.345,13.0,100.0,915198322.0,0
2024-07-23 12:00:00,34.345,13.0,100.0,898239249.0,0
2024-07-23 18:00:00,34.345,13.0,100.0,898999914.0,0
2024-07-24 00:00:00,34.345,13.0,100.0,898998701.0,0
2024-07-24 06:00:00,34.345,13.0,100.0,906679651.0,0
2024-07-24 12:00:00,34.345,8.0,3.0,913665820.8740003,1
2024-07-24 18:00:00,34.345,13.0,100.0,899756716.0,0
2024-07-25 00:00:00,34.345,8.0,3.0,914578458.7060169,1
2024-07-25 06:00:00,34.345,8.0,3.0,913360505.7449564,1
2024-07-25 12:00:00,34.345,13.0,100.0,899052343.0,0
2024-07-25 18:00:00,34.345,13.0,100.0,908801644.0,0
2024-07-26 00:00:00,34.345,13.0,100.0,899156797.0,0
2024-07-26 06:00:00,34.345,13.0,100.0,899709580.0,0
2024-07-26 12:00:00,34.345,8.0,3.0,914057479.0812353,1
2024-07-26 18:00:00,34.345,8.0,3.0,913944826.2382268,1
2024-07-27 00:00:00,34.345,12.0,10.0,916144286.0,0
2024-07-27 06:00:00,34.345,8.0,3.0,912822909.9016145,1
2024-07-27 12:00:00,34.345,8.0,3.0,913407959.831581,1
2024-07-27 18:00:00,34.345,8.0,3.0,913981450.8911332,1
2024-07-28 00:00:00,34.345,8.0,3.0,914830719.8126374,1
2024-07-28 06:00:00,34.345,8.0,3.0,914013000.3077893,1
2024-07-28 12:00:00,34.345,8.0,3.0,913929360.7257742,1
2024-07-28 18:00:00,34.345,8.0,3.0,913917946.9799621,1
2024-07-29 00:00:00,34.345,8.0,3.0,915393832.396097,1
2024-07-29 06:00:00,34.345,8.0,3.0,914316787.5064126,1
2024-07-29 12:00:00,34.345,12.0,10.0,899312375.0,0
2024-07-29 18:00:00,34.345,12.0,10.0,913819744.5,0
2024-07-30 00:00:00,34.345,12.0,10.0,922061110.0,0
2024-07-30 06:00:00,34.345,8.0,3.0,912713237.7718282,1
2024-07-30 12:00:00,34.345,12.0,10.0,907090940.0,0
2024-07-30 18:00:00,34.345,8.0,3.0,912428048.506448,1
2024-07-31 00:00:00,34.345,8.0,3.0,913948477.7823949,1
2024-07-31 06:00:00,34.345,12.0,10.0,904716574.0,0
2024-07-31 12:00:00,34.345,18.5,10.0,892916023.0,0
2024-07-31 18:00:00,34.345,12.0,10.0,919498455.0,0
2024-08-01 00:00:00,34.345,8.0,3.0,913906532.1500036,1
2024-08-01 06:00:00,34.345,12.0,10.0,906677424.5,0
2024-08-01 12:00:00,34.345,12.0,10.0,896227092.0,0
2024-08-01 18:00:00,34.345,8.0,3.0,912775233.2988906,1
2024-08-02 00:00:00,34.345,8.0,3.0,915153750.6484925,1
2024-08-02 06:00:00,34.345,8.0,3.0,913971890.4850652,1
2024-08-02 12:00:00,34.345,8.0,3.0,914257849.3182383,1
2024-08-02 18:00:00,34.345,8.0,3.0,914378021.1939362,1
2024-08-03 00:00:00,34.345,8.0,3.0,915212736.2869847,1
2024-08-03 06:00:00,34.345,8.0,3.0,914377211.5142732,1
2024-08-03 12:00:00,34.345,12.0,10.0,908961650.0,0
2024-08-03 18:00:00,34.345,8.0,3.0,914299237.6889348,1
2024-08-04 00:00:00,34.345,8.0,3.0,914596323.1645077,1
2024-08-04 06:00:00,34.345,8.0,3.0,914377846.5382559,1
2024-08-04 12:00:00,34.345,8.0,3.0,914174431.4080801,1
2024-08-04 18:00:00,34.345,8.0,3.0,914358596.7062608,1
2024-08-05 00:00:00,34.345,8.0,3.0,915726430.2145851,1
2024-08-05 06:00:00,34.345,8.0,3.0,913850380.5409429,1
2024-08-05 12:00:00,34.345,8.0,3.0,914364049.8988013,1
2024-08-05 18:00:00,34.345,8.0,3.0,914721710.2058893,1
2024-08-06 00:00:00,34.345,12.0,10.0,906812605.0,0
2024-08-06 06:00:00,34.345,12.0,10.0,890713150.0,0
2024-08-06 12:00:00,34.345,8.0,3.0,914331866.9776741,1
2024-08-06 18:00:00,34.345,8.0,3.0,914695309.6482402,1
2024-08-07 00:00:00,34.345,12.0,10.0,906967670.0,0
2024-08-07 06:00:00,34.345,12.0,10.0,906470530.0,0
2024-08-07 12:00:00,34.345,12.0,10.0,898088049.0,0
2024-08-07 18:00:00,34.345,12.0,10.0,907544206.0,0
2024-08-08 00:00:00,34.345,12.0,10.0,905458553.0,0
2024-08-08 06:00:00,34.345,12.0,10.0,908232458.0,0
2024-08-08 12:00:00,34.345,12.0,10.0,923014192.0,0
2024-08-08 18:00:00,34.345,8.0,3.0,912226007.8788347,1
2024-08-09 00:00:00,34.345,8.0,3.0,913407106.1784207,1
2024-08-09 06:00:00,34.345,8.0,3.0,913410907.3257865,1
2024-08-09 12:00:00,34.345,8.0,3.0,914262279.3808501,1
2024-08-09 18:00:00,34.345,8.0,3.0,913891522.3822665,1
2024-08-10 00:00:00,34.345,8.0,3.0,914347738.5554625,1
2024-08-10 06:00:00,34.345,8.0,3.0,914636553.1816442,1
2024-08-10 12:00:00,34.345,8.0,3.0,914207872.1153594,1
2024-08-10 18:00:00,34.345,8.0,3.0,914078907.3799579,1
2024-08-11 00:00:00,34.345,8.0,3.0,915070571.2862041,1
2024-08-11 06:00:00,34.345,8.0,3.0,914461427.8047777,1
2024-08-11 12:00:00,34.345,8.0,3.0,914171936.0494077,1
2024-08-11 18:00:00,34.345,8.0,3.0,914225007.3175778,1
2024-08-12 00:00:00,34.345,8.0,3.0,915648882.2033174,1
2024-08-12 06:00:00,34.345,8.0,3.0,914590663.0654594,1
2024-08-12 12:00:00,34.345,8.0,3.0,914417931.0038158,1
2024-08-12 18:00:00,34.345,8.0,3.0,914264683.1733533,1
2024-08-13 00:00:00,34.345,8.0,3.0,915295283.7233726,1
2024-08-13 06:00:00,34.345,8.0,3.0,920350569.0,0
2024-08-13 12:00:00,34.345,8.0,3.0,913364286.0891634,1
2024-08-13 18:00:00,34.345,8.0,3.0,913207175.0319388,1
2024-08-14 00:00:00,34.345,8.0,3.0,914703310.542005,1
2024-08-14 06:00:00,34.345,8.0,3.0,914115360.7092901,1
2024-08-14 12:00:00,34.345,8.0,3.0,907100891.0,0
2024-08-14 18:00:00,34.345,8.0,3.0,908986704.0,0
2024-08-15 00:00:00,34.345,8.0,3.0,918434401.0,0
2024-08-15 06:00:00,34.345,8.0,3.0,904399694.0,0
2024-08-15 12:00:00,34.345,8.0,3.0,700872617.0,0
2024-08-15 18:00:00,34.345,12.0,10.0,908067951.0,0
2024-08-16 00:00:00,34.345,12.0,10.0,907753060.0,0
2024-08-16 06:00:00,34.345,12.0,10.0,887786027.0,0
2024-08-16 12:00:00,34.345,13.0,100.0,894488046.5,0
2024-08-16 18:00:00,34.345,12.0,10.0,907232173.0,0
2024-08-17 00:00:00,34.345,8.0,3.0,916451304.279183,1
2024-08-17 06:00:00,34.345,12.0,10.0,922933728.0,0
2024-08-17 12:00:00,34.345,12.0,10.0,923128890.0,0
2024-08-17 18:00:00,34.345,12.0,10.0,908178439.0,0
2024-08-18 00:00:00,34.345,12.0,10.0,907438577.0,0
2024-08-18 06:00:00,34.345,12.0,10.0,922607758.5,0
2024-08-18 12:00:00,34.345,11.0,20.0,921547975.0,0
2024-08-18 18:00:00,34.345,11.0,20.0,908541219.0,0
2024-08-19 00:00:00,34.345,11.0,20.0,907073027.0,0
2024-08-19 06:00:00,34.345,8.0,3.0,912674323.0966873,1
2024-08-19 12:00:00,34.345,13.0,100.0,901810026.0,0
2024-08-19 18:00:00,34.345,13.0,100.0,899744897.0,0
2024-08-20 00:00:00,34.345,8.0,3.0,914261675.0766528,1
2024-08-20 06:00:00,34.345,13.0,100.0,899731356.0,0
2024-08-20 12:00:00,34.345,8.0,3.0,914274823.7799107,1
2024-08-20 18:00:00,34.345,13.0,100.0,895853055.0,0
2024-08-21 00:00:00,34.345,8.0,3.0,914706829.7210892,1
2024-08-21 06:00:00,34.345,13.0,100.0,916982829.0,0
2024-08-21 12:00:00,34.345,13.0,100.0,899994940.0,0
2024-08-21 18:00:00,34.345,12.0,10.0,897170642.0,0
2024-08-22 00:00:00,34.345,8.0,3.0,914343571.1163609,1
2024-08-22 06:00:00,34.345,8.0,3.0,914314871.0454344,1
2024-08-22 12:00:00,34.345,13.0,100.0,899634685.0,0
2024-08-22 18:00:00,34.345,13.0,100.0,899365523.0,0
2024-08-23 00:00:00,34.345,8.0,3.0,914527051.9802,1
2024-08-23 06:00:00,34.345,8.0,3.0,914300597.7074592,1
2024-08-23 12:00:00,34.345,8.0,3.0,914138623.4175253,1
2024-08-23 18:00:00,34.345,8.0,3.0,913889961.2565823,1
2024-08-24 00:00:00,34.345,8.0,3.0,914979459.5526321,1
2024-08-24 06:00:00,34.345,8.0,3.0,914410546.4365184,1
2024-08-24 12:00:00,34.345,8.0,3.0,914280789.9380032,1
2024-08-24 18:00:00,34.345,8.0,3.0,914202962.0034405,1
2024-08-25 00:00:00,34.345,8.0,3.0,915118483.5688443,1
2024-08-25 06:00:00,34.345,8.0,3.0,914341049.417077,1
2024-08-25 12:00:00,34.345,8.0,3.0,914301718.8816406,1
2024-08-25 18:00:00,34.345,8.0,3.0,914142609.773949,1
2024-08-26 00:00:00,34.345,8.0,3.0,915542589.8778652,1
2024-08-26 06:00:00,34.345,8.0,3.0,914524670.1236376,1
2024-08-26 12:00:00,34.345,8.0,3.0,914357775.7247751,1
2024-08-26 18:00:00,34.345,8.0,3.0,914521194.3127573,1
2024-08-27 00:00:00,34.345,8.0,3.0,915145069.8217899,1
2024-08-27 06:00:00,34.345,8.0,3.0,914223347.315368,1
2024-08-27 12:00:00,34.345,8.0,3.0,914465674.2529331,1
2024-08-27 18:00:00,34.345,8.0,3.0,914518123.9547254,1
2024-08-28 00:00:00,34.345,8.0,3.0,915143479.9414873,1
2024-08-28 06:00:00,34.345,8.0,3.0,914237739.2770736,1
2024-08-28 12:00:00,34.345,8.0,3.0,914467498.3177191,1
2024-08-28 18:00:00,34.345,8.0,3.0,914514145.2050874,1
2024-08-29 00:00:00,34.345,8.0,3.0,915051689.2083783,1
2024-08-29 06:00:00,34.345,8.0,3.0,914175931.96023,1
2024-08-29 12:00:00,34.345,8.0,3.0,914407492.572686,1
2024-08-29 18:00:00,34.345,8.0,3.0,914414886.0760733,1
2024-08-30 00:00:00,34.345,8.0,3.0,915301739.7413327,1
2024-08-30 06:00:00,34.345,8.0,3.0,914199946.2468166,1
2024-08-30 12:00:00,34.345,8.0,3.0,914310861.1670642,1
2024-08-30 18:00:00,34.345,8.0,3.0,914266745.157779,1
2024-08-31 00:00:00,34.345,8.0,3.0,915182116.9616288,1
2024-08-31 06:00:00,34.345,8.0,3.0,914227601.4143018,1
2024-08-31 12:00:00,34.345,8.0,3.0,914248754.4528942,1
2024-08-31 18:00:00,34.345,8.0,3.0,913983352.3105657,1
2024-09-01 00:00:00,34.345,8.0,3.0,915340240.6990565,1
2024-09-01 06:00:00,34.345,8.0,3.0,914834616.9317789,1
2024-09-01 12:00:00,34.345,8.0,3.0,914346301.5774808,1
2024-09-01 18:00:00,34.345,8.0,3.0,914479314.9061894,1
2024-09-02 00:00:00,34.345,8.0,3.0,915953781.2682927,1
2024-09-02 06:00:00,34.345,8.0,3.0,914177301.801944,1
2024-09-02 12:00:00,34.345,8.0,3.0,914606003.1243696,1
2024-09-02 18:00:00,34.345,8.0,3.0,914880296.8351516,1
2024-09-03 00:00:00,34.345,8.0,3.0,915474656.0710698,1
2024-09-03 06:00:00,34.345,8.0,3.0,914796412.7441148,1
2024-09-03 12:00:00,34.345,8.0,3.0,914834412.6648299,1
2024-09-03 18:00:00,34.345,8.0,3.0,914600742.3280755,1
2024-09-04 00:00:00,34.345,8.0,3.0,915489191.1194912,1
2024-09-04 06:00:00,34.345,8.0,3.0,914746430.1056,1
2024-09-04 12:00:00,34.345,9.0,3.0,902779271.0,0
2024-09-04 18:00:00,34.345,9.0,3.0,919209381.0,0
2024-09-05 00:00:00,34.345,8.0,3.0,914041432.6520697,1
2024-09-05 06:00:00,34.345,8.0,3.0,908370200.0,0
2024-09-05 12:00:00,34.345,8.0,3.0,930848375.5,0
2024-09-05 18:00:00,34.345,8.0,3.0,898630440.0,0
2024-09-06 00:00:00,34.345,8.0,3.0,911900226.3967031,1
2024-09-06 06:00:00,34.345,8.0,3.0,912594990.585315,1
2024-09-06 12:00:00,34.345,8.0,3.0,913550105.9733782,1
2024-09-06 18:00:00,34.345,8.0,3.0,913455248.8934238,1
2024-09-07 00:00:00,34.345,8.0,3.0,914329150.4639603,1
2024-09-07 06:00:00,34.345,8.0,3.0,923041469.0,0
2024-09-07 12:00:00,34.345,8.0,3.0,913034754.2240177,1
2024-09-07 18:00:00,34.345,8.0,3.0,655205282.0,0
2024-09-08 00:00:00,34.345,8.0,3.0,923848854.0,0
2024-09-08 06:00:00,34.345,8.0,3.0,760653526.0,0
2024-09-08 12:00:00,34.345,8.0,3.0,915732847.7382337,1
2024-09-08 18:00:00,34.345,10.0,1.0,775768839.0,0
2024-09-09 00:00:00,34.345,10.0,1.0,922463472.0,0
2024-09-09 06:00:00,34.345,8.0,3.0,907860198.1067519,1
2024-09-09 12:00:00,34.345,8.0,3.0,911114014.8991302,1
2024-09-09 18:00:00,34.345,12.0,1.0,753035532.0,0
2024-09-10 00:00:00,34.345,8.0,3.0,912584474.260087,1
2024-09-10 06:00:00,34.345,8.0,3.0,912230060.9409143,1
2024-09-10 12:00:00,34.345,8.0,3.0,913977009.621077,1
2024-09-10 18:00:00,34.345,8.0,3.0,535248188.0,0
2024-09-11 00:00:00,34.345,8.0,3.0,910131933.5113612,1
2024-09-11 06:00:00,34.345,8.0,3.0,921921210.0,0
2024-09-11 12:00:00,34.345,8.0,3.0,930201769.0,0
2024-09-11 18:00:00,34.345,8.0,3.0,910617364.7686455,1
2024-09-12 00:00:00,34.345,8.0,3.0,911414770.6146989,1
2024-09-12 06:00:00,34.345,8.0,3.0,896166240.0,0
2024-09-12 12:00:00,34.345,8.0,3.0,913928658.4817889,1
2024-09-12 18:00:00,34.345,8.0,3.0,913907488.8941607,1
2024-09-13 00:00:00,34.345,8.0,3.0,914207179.2581401,1
2024-09-13 06:00:00,34.345,10.0,1.0,878649163.0,0
2024-09-13 12:00:00,34.345,8.0,3.0,914441819.7869943,1
2024-09-13 18:00:00,34.345,8.0,3.0,920233288.0,0
2024-09-14 00:00:00,34.345,8.0,3.0,913875611.0966772,1
2024-09-14 06:00:00,34.345,8.0,3.0,913266323.1208482,1
2024-09-14 12:00:00,34.345,8.0,3.0,914009283.477886,1
2024-09-14 18:00:00,34.345,8.0,3.0,914017757.7336154,1
2024-09-15 00:00:00,34.345,8.0,3.0,914715014.1864778,1
2024-09-15 06:00:00,34.345,8.0,3.0,914203552.0856665,1
2024-09-15 12:00:00,34.345,8.0,3.0,914435275.0843269,1
2024-09-15 18:00:00,34.345,8.0,3.0,914663304.3969384,1
2024-09-16 00:00:00,34.345,8.0,3.0,915833406.5403095,1
2024-09-16 06:00:00,34.345,8.0,3.0,914388576.3474786,1
2024-09-16 12:00:00,34.345,8.0,3.0,914383880.8657675,1
2024-09-16 18:00:00,34.345,8.0,3.0,914824272.6171416,1
2024-09-17 00:00:00,34.345,8.0,3.0,915512279.1934301,1
2024-09-17 06:00:00,34.345,8.0,3.0,914522186.2264138,1
2024-09-17 12:00:00,34.345,8.0,3.0,914723795.501592,1
2024-09-17 18:00:00,34.345,10.0,1.0,908960468.0,0
2024-09-18 00:00:00,34.345,8.0,3.0,915331543.9399498,1
2024-09-18 06:00:00,34.345,8.0,3.0,914337679.2852249,1
2024-09-18 12:00:00,34.345,10.0,1.0,924796689.0,0
2024-09-18 18:00:00,34.345,8.0,3.0,911426497.0,0
2024-09-19 00:00:00,34.345,8.0,3.0,924321453.0,0
2024-09-19 06:00:00,34.345,8.0,3.0,912498464.1353695,1
2024-09-19 12:00:00,34.345,8.0,3.0,907700676.0,0
2024-09-19 18:00:00,34.345,8.0,3.0,904893227.0,0
2024-09-20 00:00:00,34.345,8.0,3.0,923901559.5,0
2024-09-20 06:00:00,34.345,8.0,3.0,912385296.0449777,1
2024-09-20 12:00:00,34.345,8.0,3.0,913172915.6972586,1
2024-09-20 18:00:00,34.345,8.0,3.0,916353335.0,0
2024-09-21 00:00:00,34.345,9.0,3.0,796025714.0,0
2024-09-21 06:00:00,34.345,8.0,3.0,923595069.0,0
2024-09-21 12:00:00,34.345,8.0,3.0,923080584.0,0
2024-09-21 18:00:00,34.345,8.0,3.0,882581944.5,0
2024-09-22 00:00:00,34.345,8.0,3.0,900659033.0,0
2024-09-22 06:00:00,34.345,8.0,3.0,913200065.2802389,1
2024-09-22 12:00:00,34.345,10.0,1.0,909596966.0,0
2024-09-22 18:00:00,34.345,8.0,3.0,847743673.0,0
2024-09-23 00:00:00,34.345,8.0,3.0,929312548.0,0
2024-09-23 06:00:00,34.345,8.0,3.0,496974458.0,0
2024-09-23 12:00:00,34.345,9.0,3.0,899942241.0,0
2024-09-23 18:00:00,34.345,8.0,3.0,926915031.0,0
2024-09-24 00:00:00,34.345,8.0,3.0,823507890.0,0
2024-09-24 06:00:00,34.345,8.0,3.0,924056496.5,0
2024-09-24 12:00:00,34.345,13.0,20.0,923144069.0,0
2024-09-24 18:00:00,34.345,8.0,3.0,922533333.0,0
2024-09-25 00:00:00,34.345,8.0,3.0,912795025.2565876,1
2024-09-25 06:00:00,34.345,8.0,3.0,915253222.0,0
2024-09-25 12:00:00,34.345,11.0,20.0,930169949.5,0
2024-09-25 18:00:00,34.345,10.0,1.0,922590654.0,0
2024-09-26 00:00:00,34.345,8.0,3.0,912011731.2074302,1
2024-09-26 06:00:00,34.345,8.0,3.0,893672029.67,0
2024-09-26 12:00:00,34.345,8.0,3.0,913363882.9650223,1
2024-09-26 18:00:00,34.345,8.0,3.0,913574171.0,0
2024-09-27 00:00:00,34.345,8.0,3.0,914380835.4310086,1
2024-09-27 06:00:00,34.345,8.0,3.0,913828645.7470927,1
2024-09-27 12:00:00,34.345,8.0,3.0,923976593.67,0
2024-09-27 18:00:00,34.345,8.0,3.0,918183415.0,0
2024-09-28 00:00:00,34.345,8.0,3.0,924162134.0,0
2024-09-28 06:00:00,34.345,8.0,3.0,924638708.0,0
2024-09-28 12:00:00,34.345,8.0,3.0,923752313.0,0
2024-09-28 18:00:00,34.345,8.0,3.0,826512591.0,0
2024-09-29 00:00:00,34.345,8.0,3.0,913419223.463714,1
2024-09-29 06:00:00,34.345,8.0,3.0,914068981.3805606,1
2024-09-29 12:00:00,34.345,8.0,3.0,926395681.0,0
2024-09-29 18:00:00,34.345,8.0,3.0,915542414.0,0
2024-09-30 00:00:00,34.345,8.0,3.0,913272563.7912533,1
2024-09-30 06:00:00,34.345,8.0,3.0,923259656.0,0
2024-09-30 12:00:00,34.345,8.0,3.0,908330958.0,0
2024-09-30 18:00:00,34.345,8.0,3.0,930509022.0,0
2024-10-01 00:00:00,34.345,8.0,3.0,912831242.5995884,1
2024-10-01 06:00:00,34.345,7.0,3.0,913214291.5,0
2024-10-01 12:00:00,34.345,9.0,3.0,350172077.0,0
2024-10-01 18:00:00,34.345,8.0,3.0,911217137.5,0
2024-10-02 00:00:00,34.345,8.0,3.0,912606040.7457427,1
2024-10-02 06:00:00,34.345,8.0,3.0,912322221.8434108,1
2024-10-02 12:00:00,34.345,12.0,1.0,923779549.67,0
2024-10-02 18:00:00,34.345,10.5,3.0,924583089.0,0
2024-10-03 00:00:00,34.345,8.0,3.0,912913369.8107815,1
2024-10-03 06:00:00,34.345,8.0,3.0,913232553.0740242,1
2024-10-03 12:00:00,34.345,8.0,3.0,905162301.0,0
2024-10-03 18:00:00,34.345,8.0,3.0,922855936.0,0
2024-10-04 00:00:00,34.345,8.0,3.0,751384834.0,0
2024-10-04 06:00:00,34.345,8.0,3.0,913501892.097439,1
2024-10-04 12:00:00,34.345,8.0,3.0,922801984.0,0
2024-10-04 18:00:00,34.345,9.0,3.0,865928611.0,0
2024-10-05 00:00:00,34.345,9.0,3.0,922117457.0,0
2024-10-05 06:00:00,34.345,9.0,3.0,923275922.0,0
2024-10-05 12:00:00,34.345,9.0,3.0,924006326.0,0
2024-10-05 18:00:00,34.345,8.0,3.0,919105717.5,0
2024-10-06 00:00:00,34.345,10.0,1.0,914675268.0,0
2024-10-06 06:00:00,34.345,8.0,3.0,913652924.5011395,1
2024-10-06 12:00:00,34.345,8.0,3.0,871330520.0,0
2024-10-06 18:00:00,34.345,8.0,3.0,807877196.0,0
2024-10-07 00:00:00,34.345,8.0,3.0,915960136.5666536,1
2024-10-07 06:00:00,34.345,8.0,3.0,914653149.5939611,1
2024-10-07 12:00:00,34.345,8.0,3.0,913387989.7166333,1
2024-10-07 18:00:00,34.345,8.0,3.0,913412612.4543009,1
2024-10-08 00:00:00,34.345,8.0,3.0,914888543.2254286,1
2024-10-08 06:00:00,34.345,8.0,3.0,915089843.364902,1
2024-10-08 12:00:00,34.345,8.0,3.0,914730624.8570954,1
2024-10-08 18:00:00,34.345,8.0,3.0,914580681.5590787,1
2024-10-09 00:00:00,34.345,8.0,3.0,915335411.5469611,1
2024-10-09 06:00:00,34.345,8.0,3.0,914600046.0270238,1
2024-10-09 12:00:00,34.345,8.0,3.0,914766982.23235,1
2024-10-09 18:00:00,34.345,8.0,3.0,914546005.2965108,1
2024-10-10 00:00:00,34.345,8.0,3.0,915387273.3339843,1
2024-10-10 06:00:00,34.345,8.0,3.0,914502027.684542,1
2024-10-10 12:00:00,34.345,8.0,3.0,914748367.026801,1
2024-10-10 18:00:00,34.345,8.0,3.0,914500766.9289215,1
2024-10-11 00:00:00,34.345,8.0,3.0,915306680.0829253,1
2024-10-11 06:00:00,34.345,8.0,3.0,914423092.3385191,1
2024-10-11 12:00:00,34.345,8.0,3.0,914644784.1618309,1
2024-10-11 18:00:00,34.345,8.0,3.0,914596081.6447637,1
2024-10-12 00:00:00,34.345,8.0,3.0,914916921.6908655,1
2024-10-12 06:00:00,34.345,8.0,3.0,914399402.415424,1
2024-10-12 12:00:00,34.345,8.0,3.0,914725979.0843318,1
2024-10-12 18:00:00,34.345,8.0,3.0,914495192.7345362,1
2024-10-13 00:00:00,34.345,8.0,3.0,914927232.5843616,1
2024-10-13 06:00:00,34.345,8.0,3.0,914437860.8474076,1
2024-10-13 12:00:00,34.345,8.0,3.0,914479601.4882864,1
2024-10-13 18:00:00,34.345,8.0,3.0,914637967.6897513,1
2024-10-14 00:00:00,34.345,8.0,3.0,915705026.0911791,1
2024-10-14 06:00:00,34.345,8.0,3.0,914597939.23649,1
2024-10-14 12:00:00,34.345,8.0,3.0,914523777.2197267,1
2024-10-14 18:00:00,34.345,8.0,3.0,922071713.0,0
2024-10-15 00:00:00,34.345,8.0,3.0,913750971.7242702,1
2024-10-15 06:00:00,34.345,8.0,3.0,913245836.9108887,1
2024-10-15 12:00:00,34.345,8.0,3.0,914092311.6574683,1
2024-10-15 18:00:00,34.345,8.0,3.0,923377641.0,0
2024-10-16 00:00:00,34.345,8.0,3.0,923275461.0,0
2024-10-16 06:00:00,34.345,9.0,3.0,909119210.0,0
2024-10-16 12:00:00,34.345,8.0,3.0,921504435.0,0
2024-10-16 18:00:00,34.345,8.0,3.0,38220727.0,0
2024-10-17 00:00:00,34.345,8.0,3.0,915721558.0,0
2024-10-17 06:00:00,34.345,8.0,3.0,859052803.0,0
2024-10-17 12:00:00,34.345,8.0,3.0,911959431.4527291,1
2024-10-17 18:00:00,34.345,8.0,3.0,910601411.570271,1
2024-10-18 00:00:00,34.345,10.0,1.0,808715978.0,0
2024-10-18 06:00:00,34.345,10.0,1.0,915879073.0,0
2024-10-18 12:00:00,34.345,8.0,3.0,272683020.0,0
2024-10-18 18:00:00,34.345,10.0,1.0,558342862.0,0
2024-10-19 00:00:00,34.345,10.0,1.0,773378195.0,0
2024-10-19 06:00:00,34.345,10.0,1.0,602801342.5,0
2024-10-19 12:00:00,34.345,10.0,1.0,919549918.0,0
2024-10-19 18:00:00,34.345,10.0,1.0,831710684.5,0
2024-10-20 00:00:00,34.345,8.0,3.0,764141766.0,0
2024-10-20 06:00:00,34.345,8.0,3.0,918400157.0,0
2024-10-20 12:00:00,34.345,8.0,3.0,907890810.5122793,1
2024-10-20 18:00:00,34.345,8.0,3.0,804782361.0,0
2024-10-21 00:00:00,34.345,8.0,3.0,904087748.0,0
2024-10-21 06:00:00,34.345,8.0,3.0,922278018.0,0
2024-10-21 12:00:00,34.345,8.0,3.0,921728593.5,0
2024-10-21 18:00:00,34.345,10.0,1.0,924587851.0,0
2024-10-22 00:00:00,34.345,8.0,3.0,912135022.5401286,1
2024-10-22 06:00:00,34.345,8.0,3.0,912835335.2075934,1
2024-10-22 12:00:00,34.345,8.0,3.0,909848667.0,0
2024-10-22 18:00:00,34.345,8.0,3.0,921752069.0,0
2024-10-23 00:00:00,34.345,8.0,3.0,913874235.915581,1
2024-10-23 06:00:00,34.345,8.0,3.0,923534281.0,0
2024-10-23 12:00:00,34.345,10.0,1.0,910273923.0,0
2024-10-23 18:00:00,34.345,8.0,3.0,915855053.5,0
2024-10-24 00:00:00,34.345,8.0,3.0,913633094.8003162,1
2024-10-24 06:00:00,34.345,8.0,3.0,919807145.0,0
2024-10-24 12:00:00,34.345,8.0,3.0,924060464.0,0
2024-10-24 18:00:00,34.345,8.0,3.0,911931942.4507071,1
2024-10-25 00:00:00,34.345,8.0,3.0,913262769.965247,1
2024-10-25 06:00:00,34.345,8.0,3.0,914729435.0,0
2024-10-25 12:00:00,34.345,8.0,3.0,923938786.0,0
2024-10-25 18:00:00,34.345,8.0,3.0,913286583.5,0
2024-10-26 00:00:00,34.345,8.0,3.0,913348538.541285,1
2024-10-26 06:00:00,34.345,8.0,3.0,914203314.5,0
2024-10-26 12:00:00,34.345,8.0,3.0,922277256.5,0
2024-10-26 18:00:00,34.345,8.0,3.0,923483145.0,0
2024-10-27 00:00:00,34.345,8.0,3.0,912374203.5383621,1
2024-10-27 06:00:00,34.345,8.0,3.0,805333881.0,0
2024-10-27 12:00:00,34.345,8.0,3.0,923796195.0,0
2024-10-27 18:00:00,34.345,8.0,3.0,922542423.0,0
2024-10-28 00:00:00,34.345,8.0,3.0,910951493.0,0
2024-10-28 06:00:00,34.345,8.0,3.0,912414127.1736519,1
2024-10-28 12:00:00,34.345,8.0,3.0,913070718.2578127,1
2024-10-28 18:00:00,34.345,8.0,3.0,914174972.3580769,1
2024-10-29 00:00:00,34.345,8.0,3.0,923323827.0,0
2024-10-29 06:00:00,34.345,8.0,3.0,910972901.0,0
2024-10-29 12:00:00,34.345,8.0,3.0,936910151.0,0
2024-10-29 18:00:00,34.345,8.0,3.0,924008035.0,0
2024-10-30 00:00:00,34.345,8.0,3.0,923582061.0,0
2024-10-30 06:00:00,34.345,8.0,3.0,910019350.7507144,1
2024-10-30 12:00:00,34.345,8.0,3.0,910688574.0,0
2024-10-30 18:00:00,34.345,8.0,3.0,922966740.0,0
2024-10-31 00:00:00,34.345,8.0,3.0,912272324.2762455,1
2024-10-31 06:00:00,34.345,8.0,3.0,922693528.0,0
2024-10-31 12:00:00,34.345,8.0,3.0,937952592.0,0
2024-10-31 18:00:00,34.345,8.0,3.0,922379463.0,0
2024-11-01 00:00:00,34.345,8.0,3.0,906895166.6296532,1
2024-11-01 06:00:00,34.345,8.0,3.0,905563270.7215483,1
2024-11-01 12:00:00,34.345,10.0,1.0,448580655.0,0
2024-11-01 18:00:00,34.345,8.0,3.0,828587149.5,0
2024-11-02 00:00:00,34.345,10.0,1.0,754303517.0,0
2024-11-02 06:00:00,34.345,10.0,1.0,858495332.0,0
2024-11-02 12:00:00,34.345,8.0,3.0,868222267.5,0
2024-11-02 18:00:00,34.345,8.0,3.0,911242864.2607424,1
2024-11-03 00:00:00,34.345,8.0,3.0,920022330.0,0
2024-11-03 06:00:00,34.345,8.0,3.0,911407918.0,0
2024-11-03 12:00:00,34.345,8.0,3.0,935596707.0,0
2024-11-03 18:00:00,34.345,8.0,3.0,908696469.056949,1
2024-11-04 00:00:00,34.345,8.0,3.0,918497290.0,0
2024-11-04 06:00:00,34.345,8.0,3.0,935594228.0,0
2024-11-04 12:00:00,34.345,8.0,3.0,916116842.5,0
2024-11-04 18:00:00,34.345,8.0,3.0,909420187.7940363,1
2024-11-05 00:00:00,34.345,10.0,1.0,731427259.0,0
2024-11-05 06:00:00,34.345,8.0,3.0,923797885.0,0
2024-11-05 12:00:00,34.345,8.0,3.0,910374866.0,0
2024-11-05 18:00:00,34.345,8.0,3.0,911602315.8182348,1
2024-11-06 00:00:00,34.345,8.0,3.0,921274910.0,0
2024-11-06 06:00:00,34.345,8.0,3.0,913046684.2925383,1
2024-11-06 12:00:00,34.345,8.0,3.0,913578920.6073031,1
2024-11-06 18:00:00,34.345,8.0,3.0,913715116.7436812,1
2024-11-07 00:00:00,34.345,8.0,3.0,914824667.8913971,1
2024-11-07 06:00:00,34.345,8.0,3.0,914032558.2230341,1
2024-11-07 12:00:00,34.345,12.0,10.0,922699802.0,0
2024-11-07 18:00:00,34.345,8.0,3.0,912712546.8150518,1
2024-11-08 00:00:00,34.345,12.0,10.0,847614332.0,0
2024-11-08 06:00:00,34.345,12.0,10.0,910323712.0,0
2024-11-08 12:00:00,34.345,8.0,3.0,914106852.4596088,1
2024-11-08 18:00:00,34.345,8.0,3.0,913483783.6465917,1
2024-11-09 00:00:00,34.345,8.0,3.0,914323149.8571732,1
2024-11-09 06:00:00,34.345,8.0,3.0,914416813.1380726,1
2024-11-09 12:00:00,34.345,8.0,3.0,914570929.646444,1
2024-11-09 18:00:00,34.345,8.0,3.0,922329017.0,0
2024-11-10 00:00:00,34.345,8.0,3.0,912820948.4583395,1
2024-11-10 06:00:00,34.345,8.0,3.0,923704358.0,0
2024-11-10 12:00:00,34.345,8.0,3.0,897245891.5,0
2024-11-10 18:00:00,34.345,8.0,3.0,912552463.1692722,1
2024-11-11 00:00:00,34.345,11.0,1.0,905213672.0,0
2024-11-11 06:00:00,34.345,8.0,3.0,910141132.5,0
2024-11-11 12:00:00,34.345,8.0,3.0,913289043.6063849,1
2024-11-11 18:00:00,34.345,8.0,3.0,906284010.0,0
2024-11-12 00:00:00,34.345,8.0,3.0,914515287.4531235,1
2024-11-12 06:00:00,34.345,8.0,3.0,913953921.9794188,1
2024-11-12 12:00:00,34.345,8.0,3.0,925032425.0,0
2024-11-12 18:00:00,34.345,8.0,3.0,912345949.1795436,1
2024-11-13 00:00:00,34.345,8.0,3.0,909484985.0,0
2024-11-13 06:00:00,34.345,8.0,3.0,913836588.0,0
2024-11-13 12:00:00,34.345,8.0,3.0,923895278.0,0
2024-11-13 18:00:00,34.345,8.0,3.0,907702310.0,0
2024-11-14 00:00:00,34.345,8.0,3.0,913581236.5974443,1
2024-11-14 06:00:00,34.345,8.0,3.0,913179747.8616208,1
2024-11-14 12:00:00,34.345,17.0,3.0,921017604.0,0
2024-11-14 18:00:00,34.345,8.0,3.0,921271042.0,0
2024-11-15 00:00:00,34.345,10.0,1.0,771963002.0,0
2024-11-15 06:00:00,34.345,11.0,1.0,808690128.0,0
2024-11-15 12:00:00,34.345,8.0,3.0,914265466.3459351,1
2024-11-15 18:00:00,34.345,8.0,3.0,922145608.0,0
2024-11-16 00:00:00,34.345,9.0,3.0,920650924.0,0
2024-11-16 06:00:00,34.345,9.0,3.0,917708753.0,0
2024-11-16 12:00:00,34.345,9.0,3.0,907439485.0,0
2024-11-16 18:00:00,34.345,9.0,3.0,907439848.0,0
2024-11-17 00:00:00,34.345,8.0,3.0,914279014.0664605,1
2024-11-17 06:00:00,34.345,9.0,3.0,923429146.0,0
2024-11-17 12:00:00,34.345,8.0,3.0,912686695.0298722,1
2024-11-17 18:00:00,34.345,8.0,3.0,937424928.0,0
2024-11-18 00:00:00,34.345,8.0,3.0,909796086.1082897,1
2024-11-18 06:00:00,34.345,8.0,3.0,912790638.5,0
2024-11-18 12:00:00,34.345,8.0,3.0,911659230.5,0
2024-11-18 18:00:00,34.345,12.0,20.0,603613378.0,0
2024-11-19 00:00:00,34.345,8.0,3.0,912132053.846936,1
2024-11-19 06:00:00,34.345,11.0,1.0,922430923.0,0
2024-11-19 12:00:00,34.345,8.0,3.0,911563150.8276403,1
2024-11-19 18:00:00,34.345,10.0,1.0,923013592.0,0
2024-11-20 00:00:00,34.345,8.0,3.0,912530156.3827813,1
2024-11-20 06:00:00,34.345,8.0,3.0,913375057.9106988,1
2024-11-20 12:00:00,34.345,10.0,1.0,743335786.0,0
2024-11-20 18:00:00,34.345,8.0,3.0,913764544.415413,1
2024-11-21 00:00:00,34.345,8.0,3.0,914441303.397088,1
2024-11-21 06:00:00,34.345,8.0,3.0,913569841.5941597,1
2024-11-21 12:00:00,34.345,7.0,3.0,917976409.0,0
2024-11-21 18:00:00,34.345,11.5,1.0,686847704.5,0
2024-11-22 00:00:00,34.345,8.0,3.0,910818914.3098083,1
2024-11-22 06:00:00,34.345,8.0,3.0,911318950.0,0
2024-11-22 12:00:00,34.345,8.0,3.0,913783614.5548158,1
2024-11-22 18:00:00,34.345,8.0,3.0,913328398.3490757,1
2024-11-23 00:00:00,34.345,8.0,3.0,914258559.1833993,1
2024-11-23 06:00:00,34.345,7.0,3.0,921123567.0,0
2024-11-23 12:00:00,34.345,7.0,3.0,923219177.5,0
2024-11-23 18:00:00,34.345,8.0,3.0,911709044.5447023,1
2024-11-24 00:00:00,34.345,7.0,3.0,912264814.0,0
2024-11-24 06:00:00,34.345,7.0,3.0,923171941.0,0
2024-11-24 12:00:00,34.345,8.0,3.0,912920634.8218255,1
2024-11-24 18:00:00,34.345,7.0,3.0,922538824.5,0
2024-11-25 00:00:00,34.345,7.0,3.0,908436497.0,0
2024-11-25 06:00:00,34.345,7.0,3.0,916063389.0,0
2024-11-25 12:00:00,34.345,7.0,3.0,923417028.0,0
2024-11-25 18:00:00,34.345,7.0,3.0,924008266.5,0
2024-11-26 00:00:00,34.345,7.0,3.0,893964362.0,0
2024-11-26 06:00:00,34.345,7.0,3.0,915879310.5,0
2024-11-26 12:00:00,34.345,7.0,3.0,909055117.0,0
2024-11-26 18:00:00,34.345,8.0,3.0,924399897.5,0
2024-11-27 00:00:00,34.345,7.0,3.0,922226327.0,0
2024-11-27 06:00:00,34.345,8.0,3.0,912163951.3878872,1
2024-11-27 12:00:00,34.345,7.0,3.0,921911706.0,0
2024-11-27 18:00:00,34.345,12.0,20.0,910640243.0,0
2024-11-28 00:00:00,34.345,8.0,3.0,913852353.7814523,1
2024-11-28 06:00:00,34.345,7.0,3.0,921986729.0,0
2024-11-28 12:00:00,34.345,8.0,3.0,913196395.3502262,1
2024-11-28 18:00:00,34.345,7.0,3.0,919218732.0,0
2024-11-29 00:00:00,34.345,7.0,3.0,923901283.0,0
2024-11-29 06:00:00,34.345,8.0,3.0,912098523.2120615,1
2024-11-29 12:00:00,34.345,7.0,3.0,925317834.0,0
2024-11-29 18:00:00,34.345,8.0,3.0,912155373.0790945,1
2024-11-30 00:00:00,34.345,8.0,3.0,913468879.483656,1
2024-11-30 06:00:00,34.345,8.0,3.0,913135519.2578226,1
2024-11-30 12:00:00,34.345,7.0,3.0,919027376.0,0
2024-11-30 18:00:00,34.345,7.0,3.0,924163936.0,0
2024-12-01 00:00:00,34.345,8.0,3.0,912838518.3067846,1
2024-12-01 06:00:00,34.345,8.0,3.0,928096126.0,0
2024-12-01 12:00:00,34.345,8.0,3.0,907382564.0,0
2024-12-01 18:00:00,34.345,8.0,3.0,923480236.0,0
2024-12-02 00:00:00,34.345,8.0,3.0,913054635.5797151,1
2024-12-02 06:00:00,34.345,8.0,3.0,913441552.3595854,1
2024-12-02 12:00:00,34.345,8.0,3.0,913656404.4793257,1
2024-12-02 18:00:00,34.345,10.0,1.0,883898214.0,0
2024-12-03 00:00:00,34.345,8.0,3.0,915048508.6731317,1
2024-12-03 06:00:00,34.345,9.0,3.0,921124258.0,0
2024-12-03 12:00:00,34.345,8.0,3.0,913541173.1727661,1
2024-12-03 18:00:00,34.345,7.0,3.0,925293390.5,0
2024-12-04 00:00:00,34.345,8.0,3.0,913284153.010664,1
2024-12-04 06:00:00,34.345,8.0,3.0,913346484.1514684,1
2024-12-04 12:00:00,34.345,12.0,10.0,566755453.0,0
2024-12-04 18:00:00,34.345,12.0,10.0,918096028.5,0
2024-12-05 00:00:00,34.345,8.0,3.0,912540805.2670376,1
2024-12-05 06:00:00,34.345,8.0,3.0,922458706.5,0
2024-12-05 12:00:00,34.345,11.0,20.0,923748708.0,0
2024-12-05 18:00:00,34.345,10.0,20.0,917744105.5,0
2024-12-06 00:00:00,34.345,7.0,3.0,923691429.0,0
2024-12-06 06:00:00,34.345,7.0,3.0,922537349.0,0
2024-12-06 12:00:00,34.345,7.0,3.0,921965841.0,0
2024-12-06 18:00:00,34.345,12.0,10.0,915462252.0,0
2024-12-07 00:00:00,34.345,7.0,3.0,903217398.0,0
2024-12-07 06:00:00,34.345,7.0,3.0,919234150.0,0
2024-12-07 12:00:00,34.345,7.0,3.0,917802627.0,0
2024-12-07 18:00:00,34.345,7.0,3.0,911577859.0,0
2024-12-08 00:00:00,34.345,8.0,3.0,827956478.0,0
2024-12-08 06:00:00,34.345,7.0,3.0,928439462.0,0
2024-12-08 12:00:00,34.345,7.0,3.0,907333221.0,0
2024-12-08 18:00:00,34.345,7.0,3.0,921010779.0,0
2024-12-09 00:00:00,34.345,7.0,3.0,922957518.0,0
2024-12-09 06:00:00,34.345,7.0,3.0,923871326.5,0
2024-12-09 12:00:00,34.345,7.0,3.0,916036399.5,0
2024-12-09 18:00:00,34.345,11.0,20.0,906231898.0,0
2024-12-10 00:00:00,34.345,8.0,3.0,913179446.5870602,1
2024-12-10 06:00:00,34.345,7.0,3.0,915580865.5,0
2024-12-10 12:00:00,34.345,7.0,3.0,906807255.0,0
2024-12-10 18:00:00,34.345,8.0,3.0,905971747.0,0
2024-12-11 00:00:00,34.345,8.0,3.0,913544410.8666945,1
2024-12-11 06:00:00,34.345,10.0,1.0,909539757.0,0
2024-12-11 12:00:00,34.345,7.0,3.0,907705715.0,0
2024-12-11 18:00:00,34.345,11.0,20.0,924532463.0,0
2024-12-12 00:00:00,34.345,8.0,3.0,913310883.0,0
2024-12-12 06:00:00,34.345,8.0,3.0,912836049.767781,1
2024-12-12 12:00:00,34.345,8.0,3.0,913429975.9691095,1
2024-12-12 18:00:00,34.345,7.0,3.0,859116526.0,0
2024-12-13 00:00:00,34.345,8.0,3.0,914612145.9521185,1
2024-12-13 06:00:00,34.345,8.0,3.0,913647647.3455364,1
2024-12-13 12:00:00,34.345,10.0,1.0,478570804.0,0
2024-12-13 18:00:00,34.345,10.0,1.0,524996259.0,0
2024-12-14 00:00:00,34.345,8.0,3.0,913255684.7733341,1
2024-12-14 06:00:00,34.345,7.0,3.0,923485705.5,0
2024-12-14 12:00:00,34.345,10.0,1.0,923273199.0,0
2024-12-14 18:00:00,34.345,7.0,3.0,921595013.0,0
2024-12-15 00:00:00,34.345,8.0,3.0,905881205.9943279,1
2024-12-15 06:00:00,34.345,8.0,3.0,877712038.5,0
2024-12-15 12:00:00,34.345,10.0,1.0,923676558.0,0
2024-12-15 18:00:00,34.345,8.0,3.0,912834795.6723434,1
2024-12-16 00:00:00,34.345,8.0,3.0,913936799.8493549,1
2024-12-16 06:00:00,34.345,8.0,3.0,913439109.3894807,1
2024-12-16 12:00:00,34.345,7.0,3.0,282224159.0,0
2024-12-16 18:00:00,34.345,7.0,3.0,910168518.0,0
2024-12-17 00:00:00,34.345,10.0,1.0,857434854.0,0
2024-12-17 06:00:00,34.345,8.0,3.0,915023474.7405295,1
2024-12-17 12:00:00,34.345,11.0,3.0,923902484.0,0
2024-12-17 18:00:00,34.345,10.0,20.0,923323609.0,0
2024-12-18 00:00:00,34.345,7.0,3.0,922907581.0,0
2024-12-18 06:00:00,34.345,7.0,3.0,923639508.0,0
2024-12-18 12:00:00,34.345,8.0,3.0,912472930.7976645,1
2024-12-18 18:00:00,34.345,12.0,10.0,913965892.0,0
2024-12-19 00:00:00,34.345,8.0,3.0,914580078.870674,1
2024-12-19 06:00:00,34.345,8.0,3.0,914075824.53505,1
2024-12-19 12:00:00,34.345,8.0,3.0,904135966.0,0
2024-12-19 18:00:00,34.345,8.0,3.0,927378666.0,0
2024-12-20 00:00:00,34.345,8.0,3.0,912881129.6965104,1
2024-12-20 06:00:00,34.345,7.0,3.0,923036354.0,0
2024-12-20 12:00:00,34.345,7.0,3.0,922118241.0,0
2024-12-20 18:00:00,34.345,8.0,3.0,911835118.8481342,1
2024-12-21 00:00:00,34.345,7.0,3.0,778677754.0,0
2024-12-21 06:00:00,34.345,8.0,3.0,920961630.0,0
2024-12-21 12:00:00,34.345,8.0,3.0,922071667.0,0
2024-12-21 18:00:00,34.345,8.0,3.0,927100908.0,0
2024-12-22 00:00:00,34.345,10.0,1.0,830638226.0,0
2024-12-22 06:00:00,34.345,8.0,3.0,910021540.0,0
2024-12-22 12:00:00,34.345,7.0,3.0,923376995.0,0
2024-12-22 18:00:00,34.345,7.0,3.0,921938043.0,0
2024-12-23 00:00:00,34.345,8.0,3.0,912576900.5,0
2024-12-23 06:00:00,34.345,8.0,3.0,912308946.6909819,1
2024-12-23 12:00:00,34.345,8.0,3.0,871651188.0,0
2024-12-23 18:00:00,34.345,7.0,3.0,920052442.0,0
2024-12-24 00:00:00,34.345,8.0,3.0,913613733.5606446,1
2024-12-24 06:00:00,34.345,7.0,3.0,910062841.0,0
2024-12-24 12:00:00,34.345,7.0,3.0,920179617.0,0
2024-12-24 18:00:00,34.345,7.0,3.0,907176630.5,0
2024-12-25 00:00:00,34.345,8.0,3.0,913900692.5310502,1
2024-12-25 06:00:00,34.345,7.0,3.0,929958631.5,0
2024-12-25 12:00:00,34.345,7.0,3.0,930236831.0,0
2024-12-25 18:00:00,34.345,7.0,3.0,923430393.0,0
2024-12-26 00:00:00,34.345,8.0,3.0,911234789.294342,1
2024-12-26 06:00:00,34.345,7.0,3.0,925160270.0,0
2024-12-26 12:00:00,34.345,7.0,3.0,910106852.0,0
2024-12-26 18:00:00,34.345,8.0,3.0,921159001.0,0
2024-12-27 00:00:00,34.345,10.0,1.0,868799208.0,0
2024-12-27 06:00:00,34.345,8.0,3.0,910269098.0,0
2024-12-27 12:00:00,34.345,10.0,1.0,915276589.0,0
2024-12-27 18:00:00,34.345,7.0,3.0,935803569.0,0
2024-12-28 00:00:00,34.345,7.0,3.0,863310664.5,0
2024-12-28 06:00:00,34.345,8.0,3.0,925423386.0,0
2024-12-28 12:00:00,34.345,8.0,3.0,920494512.0,0
2024-12-28 18:00:00,34.345,10.0,1.0,924033029.0,0
2024-12-29 00:00:00,34.345,8.0,3.0,911092519.5056309,1
2024-12-29 06:00:00,34.345,8.0,3.0,911375053.5245599,1
2024-12-29 12:00:00,34.345,8.0,3.0,795295587.5,0
2024-12-29 18:00:00,34.345,8.0,3.0,801380989.0,0
2024-12-30 00:00:00,34.345,8.0,3.0,915871496.0648465,1
2024-12-30 06:00:00,34.345,8.0,3.0,917667582.0,0
2024-12-30 12:00:00,34.345,7.0,3.0,917870404.0,0
2024-12-30 18:00:00,34.345,8.0,3.0,910201813.4179134,1
2024-12-31 00:00:00,34.345,7.0,3.0,825847050.5,0
2024-12-31 06:00:00,34.345,7.0,3.0,923485639.0,0
2024-12-31 12:00:00,34.345,7.0,3.0,923142311.0,0
2024-12-31 18:00:00,34.345,7.0,3.0,930128583.5,0
2025-01-01 00:00:00,34.345,7.0,3.0,865694229.0,0
2025-01-01 06:00:00,34.345,7.0,3.0,921134670.5,0
2025-01-01 12:00:00,34.345,7.0,3.0,923014423.0,0
2025-01-01 18:00:00,34.345,7.0,3.0,923796056.0,0
2025-01-02 00:00:00,34.345,7.0,3.0,937213714.0,0
2025-01-02 06:00:00,34.345,10.0,1.0,869929808.5,0
2025-01-02 12:00:00,34.345,8.0,3.0,910274332.0,0
2025-01-02 18:00:00,34.345,8.0,3.0,913783291.0,0
2025-01-03 00:00:00,34.345,7.0,3.0,853192163.0,0
2025-01-03 06:00:00,34.345,7.0,3.0,920676171.5,0
2025-01-03 12:00:00,34.345,7.0,3.0,910569791.5,0
2025-01-03 18:00:00,34.345,7.0,3.0,923771457.0,0
2025-01-04 00:00:00,34.345,7.0,3.0,915361513.0,0
2025-01-04 06:00:00,34.345,7.0,3.0,917057381.0,0
2025-01-04 12:00:00,34.345,8.0,3.0,912304242.0287544,1
2025-01-04 18:00:00,34.345,7.0,3.0,915879571.5,0
2025-01-05 00:00:00,34.345,7.0,3.0,896743002.0,0
2025-01-05 06:00:00,34.345,8.0,3.0,913115103.305353,1
2025-01-05 12:00:00,34.345,7.0,3.0,923167972.0,0
2025-01-05 18:00:00,34.345,7.0,3.0,922225450.0,0
2025-01-06 00:00:00,34.345,8.0,3.0,916560510.0,0
2025-01-06 06:00:00,34.345,7.0,3.0,920652006.0,0
2025-01-06 12:00:00,34.345,7.0,3.0,919401182.0,0
2025-01-06 18:00:00,34.345,8.0,3.0,913039077.3211966,1
2025-01-07 00:00:00,34.345,7.0,3.0,922799078.0,0
2025-01-07 06:00:00,34.345,8.0,3.0,913322449.4366039,1
2025-01-07 12:00:00,34.345,9.0,1.0,919394738.0,0
2025-01-07 18:00:00,34.345,8.0,3.0,900399680.5,0
2025-01-08 00:00:00,34.345,10.0,1.0,933338337.0,0
2025-01-08 06:00:00,34.345,7.0,3.0,921915071.0,0
2025-01-08 12:00:00,34.345,8.0,3.0,910067129.7783898,1
2025-01-08 18:00:00,34.345,8.0,3.0,902707074.5,0
2025-01-09 00:00:00,34.345,8.0,3.0,923852226.0,0
2025-01-09 06:00:00,34.345,8.0,3.0,923802542.0,0
2025-01-09 12:00:00,34.345,7.0,3.0,923007547.0,0
2025-01-09 18:00:00,34.345,8.0,3.0,908858064.0,0
2025-01-10 00:00:00,34.345,7.0,3.0,919057960.0,0
2025-01-10 06:00:00,34.345,8.0,3.0,912693899.1795633,1
2025-01-10 12:00:00,34.345,7.0,3.0,913703721.5,0
2025-01-10 18:00:00,34.345,7.0,3.0,924163085.0,0
2025-01-11 00:00:00,34.345,7.0,3.0,915199191.0,0
2025-01-11 06:00:00,34.345,7.0,3.0,917094703.0,0
2025-01-11 12:00:00,34.345,7.0,3.0,923956668.0,0
2025-01-11 18:00:00,34.345,7.0,3.0,923981059.0,0
2025-01-12 00:00:00,34.345,8.0,3.0,912569128.9988612,1
2025-01-12 06:00:00,34.345,7.0,3.0,934988721.0,0
2025-01-12 12:00:00,34.345,7.0,3.0,924637136.0,0
2025-01-12 18:00:00,34.345,7.0,3.0,922749325.0,0
2025-01-13 00:00:00,34.345,8.0,3.0,912576514.0,0
2025-01-13 06:00:00,34.345,8.0,3.0,912197550.3233215,1
2025-01-13 12:00:00,34.345,12.0,10.0,933540864.0,0
2025-01-13 18:00:00,34.345,11.0,20.0,916875587.0,0
2025-01-14 00:00:00,34.345,8.0,3.0,910327427.5137098,1
2025-01-14 06:00:00,34.345,7.0,3.0,923011516.0,0
2025-01-14 12:00:00,34.345,8.0,3.0,912037028.6792284,1
2025-01-14 18:00:00,34.345,8.0,3.0,196923961.0,0
2025-01-15 00:00:00,34.345,8.0,3.0,902833294.8465382,1
2025-01-15 06:00:00,34.345,7.0,3.0,936274212.0,0
2025-01-15 12:00:00,34.345,10.0,20.0,923058637.0,0
2025-01-15 18:00:00,34.345,10.0,20.0,923849455.0,0
2025-01-16 00:00:00,34.345,8.0,3.0,908744663.0325956,1
2025-01-16 06:00:00,34.345,7.0,3.0,920944362.0,0
2025-01-16 12:00:00,34.345,8.0,3.0,919131498.0,0
2025-01-16 18:00:00,34.345,10.0,1.0,905943543.5,0
2025-01-17 00:00:00,34.345,8.0,3.0,912982859.7794158,1
2025-01-17 06:00:00,34.345,8.0,3.0,920223603.33,0
2025-01-17 12:00:00,34.345,8.0,3.0,923532249.0,0
2025-01-17 18:00:00,34.345,8.0,3.0,909064622.5,0
2025-01-18 00:00:00,34.345,8.0,3.0,910375959.0,0
2025-01-18 06:00:00,34.345,8.0,3.0,910478677.0,0
2025-01-18 12:00:00,34.345,10.0,20.0,909482075.0,0
2025-01-18 18:00:00,34.345,8.0,3.0,871597282.0,0
2025-01-19 00:00:00,34.345,8.0,3.0,913832749.294143,1
2025-01-19 06:00:00,34.345,7.0,3.0,923537283.0,0
2025-01-19 12:00:00,34.345,11.0,20.0,882377837.5,0
2025-01-19 18:00:00,34.345,13.0,100.0,904293389.0,0
2025-01-20 00:00:00,34.345,8.0,3.0,912582231.8810943,1
2025-01-20 06:00:00,34.345,10.0,1.0,660001911.0,0
2025-01-20 12:00:00,34.345,13.0,10.0,924426635.0,0
2025-01-20 18:00:00,34.345,7.0,3.0,925367996.0,0
2025-01-21 00:00:00,34.345,8.0,3.0,911000578.7765163,1
2025-01-21 06:00:00,34.345,7.0,3.0,211078422.0,0
2025-01-21 12:00:00,34.345,8.0,3.0,913310019.5,0
2025-01-21 18:00:00,34.345,8.0,3.0,908231176.6656954,1
2025-01-22 00:00:00,34.345,8.0,3.0,912522789.3628514,1
2025-01-22 06:00:00,34.345,10.0,1.0,860281278.0,0
2025-01-22 12:00:00,34.345,12.0,1.0,929074653.0,0
2025-01-22 18:00:00,39.78,10.0,3.0,740924801.0,0
2025-01-23 00:00:00,72.45,10.0,1.0,899976091.5,0
2025-01-23 06:00:00,34.345,8.0,3.0,910831709.7114868,1
2025-01-23 12:00:00,82.77,10.0,1.0,176213936.0,0
2025-01-23 18:00:00,98.01,10.0,1.0,923012669.0,0
2025-01-24 00:00:00,34.345,8.0,3.0,906826841.3905799,1
2025-01-24 06:00:00,34.345,8.0,3.0,906994358.9139862,1
2025-01-24 12:00:00,34.9,7.0,3.0,931239228.0,0
2025-01-24 18:00:00,32.86,7.0,3.0,913374672.0,0
2025-01-25 00:00:00,37.31,7.0,3.0,924477030.0,0
2025-01-25 06:00:00,34.345,8.0,3.0,910807347.7104443,1
2025-01-25 12:00:00,33.08,7.0,3.0,922541223.0,0
2025-01-25 18:00:00,35.42,7.0,3.0,922907811.0,0
2025-01-26 00:00:00,34.345,8.0,3.0,911739819.4161594,1
2025-01-26 06:00:00,35.8,7.0,3.0,922621801.5,0
2025-01-26 12:00:00,35.04,7.0,3.0,924060002.0,0
2025-01-26 18:00:00,35.47,7.0,3.0,922380570.0,0
2025-01-27 00:00:00,36.47,7.0,3.0,909371806.0,0
2025-01-27 06:00:00,50.35,10.0,1.0,621281155.0,0
2025-01-27 12:00:00,36.18,7.0,3.0,923538899.0,0
2025-01-27 18:00:00,34.345,8.0,3.0,912601543.4599426,1
2025-01-28 00:00:00,34.345,8.0,3.0,912596658.5574241,1
2025-01-28 06:00:00,34.64,7.0,3.0,258911045.0,0
2025-01-28 12:00:00,33.71,7.0,3.0,907832635.0,0
2025-01-28 18:00:00,34.345,8.0,3.0,906484651.6181483,1
2025-01-29 00:00:00,34.345,8.0,3.0,911350596.9493003,1
2025-01-29 06:00:00,34.345,8.0,3.0,912243065.6363293,1
2025-01-29 12:00:00,34.345,8.0,3.0,912675278.9602422,1
2025-01-29 18:00:00,35.66,8.0,3.0,923741272.0,0
2025-01-30 00:00:00,34.345,8.0,3.0,912589273.6099007,1
2025-01-30 06:00:00,34.61,7.0,3.0,922067656.0,0
2025-01-30 12:00:00,34.345,8.0,3.0,912254040.5090911,1
2025-01-30 18:00:00,35.0,7.0,3.0,908915920.0,0
2025-01-31 00:00:00,38.07,7.0,3.0,922783034.0,0
2025-01-31 06:00:00,40.41,7.0,3.0,914468343.5,0
2025-01-31 12:00:00,34.345,8.0,3.0,912279614.3314258,1
2025-01-31 18:00:00,34.345,8.0,3.0,912462792.1396705,1
2025-02-01 00:00:00,34.345,8.0,3.0,914028972.6381366,1
2025-02-01 06:00:00,66.76,10.0,1.0,923481668.0,0
2025-02-01 12:00:00,34.345,8.0,3.0,912544878.4270661,1
2025-02-01 18:00:00,36.18,7.0,3.0,468244796.5,0
2025-02-02 00:00:00,34.345,8.0,3.0,910110327.1473948,1
2025-02-02 06:00:00,34.345,8.0,3.0,912699805.0259389,1
2025-02-02 12:00:00,36.68,7.0,3.0,934282944.5,0
2025-02-02 18:00:00,37.55,7.0,3.0,923746167.0,0
2025-02-03 00:00:00,33.98,7.0,3.0,923430993.0,0
2025-02-03 06:00:00,36.38,7.0,3.0,915877029.5,0
2025-02-03 12:00:00,34.345,8.0,3.0,911500327.5874774,1
2025-02-03 18:00:00,33.43,7.0,3.0,815688983.0,0
2025-02-04 00:00:00,34.345,8.0,3.0,913861013.3481709,1
2025-02-04 06:00:00,38.31,7.0,3.0,907494046.0,0
2025-02-04 12:00:00,34.345,8.0,3.0,914114737.6198554,1
2025-02-04 18:00:00,69.89,10.0,1.0,922342642.0,0
2025-02-05 00:00:00,34.345,8.0,3.0,912962621.2748411,1
2025-02-05 06:00:00,31.44,7.0,3.0,881750335.0,0
2025-02-05 12:00:00,34.345,8.0,3.0,913287851.5775236,1
2025-02-05 18:00:00,64.38,10.0,1.0,908436270.0,0
2025-02-06 00:00:00,34.345,8.0,3.0,914492114.1353827,1
2025-02-06 06:00:00,34.345,7.0,3.0,926418517.0,0
2025-02-06 12:00:00,34.345,8.0,3.0,911851475.8187482,1
2025-02-06 18:00:00,34.345,8.0,3.0,912022386.1311985,1
2025-02-07 00:00:00,34.345,8.0,3.0,913432873.6752969,1
2025-02-07 06:00:00,36.49,7.0,3.0,520042801.0,0
2025-02-07 12:00:00,34.345,8.0,3.0,911062974.0475734,1
2025-02-07 18:00:00,33.3,7.0,3.0,915750267.5,0
2025-02-08 00:00:00,34.345,8.0,3.0,913269198.0528818,1
2025-02-08 06:00:00,32.53,7.0,3.0,923271121.0,0
2025-02-08 12:00:00,34.345,8.0,3.0,911281815.8569196,1
2025-02-08 18:00:00,34.1,7.0,3.0,790837284.0,0
2025-02-09 00:00:00,34.345,8.0,3.0,913708004.8751448,1
2025-02-09 06:00:00,34.345,8.0,3.0,913398310.7689065,1
2025-02-09 12:00:00,30.16,7.0,3.0,923902346.0,0
2025-02-09 18:00:00,28.58,7.0,3.0,922749925.0,0
2025-02-10 00:00:00,34.345,8.0,3.0,912390681.6931266,1
2025-02-10 06:00:00,34.345,8.0,3.0,912860721.037955,1
2025-02-10 12:00:00,34.345,8.0,3.0,913744339.828319,1
2025-02-10 18:00:00,34.345,8.0,3.0,914050817.3495762,1
2025-02-11 00:00:00,34.345,8.0,3.0,914783247.5951465,1
2025-02-11 06:00:00,33.32,7.0,3.0,918188283.0,0
2025-02-11 12:00:00,58.13,13.0,10.0,924376702.0,0
2025-02-11 18:00:00,34.345,8.0,3.0,912027694.3651156,1
2025-02-12 00:00:00,34.345,8.0,3.0,913443083.5819523,1
2025-02-12 06:00:00,34.345,8.0,3.0,913375996.7303945,1
2025-02-12 12:00:00,33.26,9.0,3.0,923695346.0,0
2025-02-12 18:00:00,28.49,7.0,3.0,923120251.0,0
2025-02-13 00:00:00,62.13,7.0,3.0,906551548.0,0
2025-02-13 06:00:00,32.11,7.0,3.0,903299469.0,0
2025-02-13 12:00:00,34.345,8.0,3.0,912337679.7950087,1
2025-02-13 18:00:00,33.81,9.0,3.0,908644259.0,0
2025-02-14 00:00:00,34.345,8.0,3.0,914556180.6823727,1
2025-02-14 06:00:00,34.345,8.0,3.0,913128008.2607055,1
2025-02-14 12:00:00,34.21,9.0,3.0,924690536.0,0
2025-02-14 18:00:00,34.345,8.0,3.0,911903114.1557333,1
2025-02-15 00:00:00,34.345,8.0,3.0,913118419.2346784,1
2025-02-15 06:00:00,34.345,8.0,3.0,912937619.6231424,1
2025-02-15 12:00:00,34.345,8.0,3.0,913789348.2577207,1
2025-02-15 18:00:00,30.29,7.0,3.0,910768468.0,0
2025-02-16 00:00:00,59.19,8.0,3.0,923591143.0,0
2025-02-16 06:00:00,32.17,7.0,3.0,910113951.0,0
2025-02-16 12:00:00,33.87,7.0,3.0,915607975.0,0
2025-02-16 18:00:00,33.81,7.0,3.0,930036866.5,0
2025-02-17 00:00:00,34.345,8.0,3.0,912714022.5866557,1
2025-02-17 06:00:00,32.25,7.0,3.0,922073649.5,0
2025-02-17 12:00:00,31.62,11.0,1.0,909463840.0,0
2025-02-17 18:00:00,31.89,7.0,3.0,909174321.0,0
2025-02-18 00:00:00,34.345,8.0,3.0,913046960.8165802,1
2025-02-18 06:00:00,34.345,7.0,3.0,915407900.0,0
2025-02-18 12:00:00,32.67,7.0,3.0,914150392.5,0
2025-02-18 18:00:00,32.92,9.0,3.0,916719584.0,0
2025-02-19 00:00:00,34.345,8.0,3.0,913727812.4279171,1
2025-02-19 06:00:00,29.19,7.0,3.0,924171468.0,0
2025-02-19 12:00:00,40.91,13.0,10.0,922856143.5,0
2025-02-19 18:00:00,31.03,7.0,3.0,926997278.5,0
2025-02-20 00:00:00,34.345,8.0,3.0,912245513.197932,1
2025-02-20 06:00:00,34.345,8.0,3.0,912181787.658877,1
2025-02-20 12:00:00,31.86,9.0,3.0,918814817.5,0
2025-02-20 18:00:00,31.94,7.0,3.0,762736648.5,0
2025-02-21 00:00:00,34.345,8.0,3.0,913214154.6692303,1
2025-02-21 06:00:00,56.11,7.0,3.0,732192350.5,0
2025-02-21 12:00:00,34.345,8.0,3.0,916347546.203263,1
2025-02-21 18:00:00,56.69,7.0,3.0,922226532.33,0
2025-02-22 00:00:00,32.88,7.0,3.0,844995518.0,0
2025-02-22 06:00:00,31.09,7.0,3.0,803104599.0,0
2025-02-22 12:00:00,51.34,10.0,1.0,771046828.0,0
2025-02-22 18:00:00,16.13,8.0,3.0,833996757.0,0
2025-02-23 00:00:00,34.345,8.0,3.0,916792257.5207417,1
2025-02-23 06:00:00,34.345,8.0,3.0,910325699.0335253,1
2025-02-23 12:00:00,33.64,7.0,3.0,907572735.5,0
2025-02-23 18:00:00,31.75,7.0,3.0,873779079.0,0
2025-02-24 00:00:00,34.345,8.0,3.0,912849633.3687087,1
2025-02-24 06:00:00,34.345,8.0,3.0,913672249.5009567,1
2025-02-24 12:00:00,34.345,8.0,3.0,913929732.7328885,1
2025-02-24 18:00:00,31.18,10.0,20.0,923535897.0,0
2025-02-25 00:00:00,29.31,7.0,3.0,924787950.0,0
2025-02-25 06:00:00,29.39,7.0,3.0,916441868.5,0
2025-02-25 12:00:00,32.36,7.0,3.0,924241054.0,0
2025-02-25 18:00:00,30.3,10.0,20.0,924012563.0,0
2025-02-26 00:00:00,34.345,8.0,3.0,912776365.4028988,1
2025-02-26 06:00:00,34.345,9.0,3.0,910110629.0,0
2025-02-26 12:00:00,30.62,9.0,3.0,920075541.0,0
2025-02-26 18:00:00,33.5,7.0,3.0,922908293.5,0
2025-02-27 00:00:00,31.24,7.0,3.0,899745702.0,0
2025-02-27 06:00:00,31.54,7.0,3.0,937534567.0,0
2025-02-27 12:00:00,30.03,7.0,3.0,923877927.5,0
2025-02-27 18:00:00,33.75,11.0,20.0,919126489.0,0
2025-02-28 00:00:00,30.9,8.0,3.0,854643278.0,0
2025-02-28 06:00:00,34.345,8.0,3.0,910657605.2130748,1
2025-02-28 12:00:00,34.16,8.0,3.0,909064528.0,0
2025-02-28 18:00:00,31.9,8.0,3.0,889538678.0,0
2025-03-01 00:00:00,34.345,8.0,3.0,913661808.3888205,1
2025-03-01 06:00:00,62.72,10.0,1.0,812279235.0,0
2025-03-01 12:00:00,60.95,10.0,1.0,863713087.0,0
2025-03-01 18:00:00,62.19,8.0,3.0,908168216.5,0
2025-03-02 00:00:00,34.345,8.0,3.0,915760770.7572031,1
2025-03-02 06:00:00,59.34,11.0,1.0,902749434.0,0
2025-03-02 12:00:00,31.07,8.0,3.0,773799135.0,0
2025-03-02 18:00:00,28.98,8.0,3.0,921679118.5,0
2025-03-03 00:00:00,34.345,8.0,3.0,912884543.7569612,1
2025-03-03 06:00:00,34.345,8.0,3.0,912809119.80341,1
2025-03-03 12:00:00,64.08,10.0,1.0,864893883.5,0
2025-03-03 18:00:00,34.03,8.0,3.0,908335045.0,0
2025-03-04 00:00:00,55.52,8.0,3.0,842533385.0,0
2025-03-04 06:00:00,34.345,8.0,3.0,914987790.3017311,1
2025-03-04 12:00:00,34.345,8.0,3.0,913758605.565935,1
2025-03-04 18:00:00,33.18,8.0,3.0,854329559.0,0
2025-03-05 00:00:00,34.345,8.0,3.0,913283159.508286,1
2025-03-05 06:00:00,34.345,8.0,3.0,909592026.0,0
2025-03-05 12:00:00,27.71,8.0,3.0,918240620.0,0
2025-03-05 18:00:00,33.5,7.0,3.0,897923217.67,0
2025-03-06 00:00:00,34.345,8.0,3.0,913584888.8462315,1
2025-03-06 06:00:00,30.87,7.0,3.0,923613986.0,0
2025-03-06 12:00:00,34.345,8.0,3.0,912869094.3378171,1
2025-03-06 18:00:00,34.345,8.0,3.0,912697979.7688143,1
2025-03-07 00:00:00,34.345,8.0,3.0,913991948.0466826,1
2025-03-07 06:00:00,37.77,14.5,10.0,936695282.0,0
2025-03-07 12:00:00,34.89,14.0,10.0,922800185.0,0
2025-03-07 18:00:00,32.12,10.0,20.0,881539109.0,0
2025-03-08 00:00:00,65.9,14.0,10.0,885838997.0,0
2025-03-08 06:00:00,57.37,11.0,1.0,912944839.0,0
2025-03-08 12:00:00,35.73,7.0,3.0,923241402.5,0
2025-03-08 18:00:00,34.345,8.0,3.0,910851791.9096243,1
2025-03-09 00:00:00,31.65,7.0,3.0,916190828.0,0
2025-03-09 06:00:00,34.345,7.0,3.0,921436160.0,0
2025-03-09 12:00:00,32.73,7.0,3.0,924503914.5,0
2025-03-09 18:00:00,42.58,11.0,10.0,910115407.0,0
2025-03-10 00:00:00,30.52,10.0,3.0,909274451.0,0
2025-03-10 06:00:00,30.05,7.0,3.0,864029028.0,0
2025-03-10 12:00:00,31.46,10.0,20.0,907177386.0,0
2025-03-10 18:00:00,35.44,8.0,3.0,922931487.5,0
2025-03-11 00:00:00,34.345,8.0,3.0,913345798.5056683,1
2025-03-11 06:00:00,32.48,7.0,3.0,912102565.5,0
2025-03-11 12:00:00,36.62,9.0,3.0,910852146.0,0
2025-03-11 18:00:00,31.69,9.0,3.0,922930380.0,0
2025-03-12 00:00:00,34.22,7.0,3.0,936800421.0,0
2025-03-12 06:00:00,31.33,7.0,3.0,917112175.5,0
2025-03-12 12:00:00,34.345,8.0,3.0,908195374.3270922,1
2025-03-12 18:00:00,30.84,7.0,3.0,923429907.5,0
2025-03-13 00:00:00,34.345,8.0,3.0,912054735.2595056,1
2025-03-13 06:00:00,34.345,7.0,3.0,924539290.0,0
2025-03-13 12:00:00,34.345,8.0,3.0,911273770.3169973,1
2025-03-13 18:00:00,34.345,8.0,3.0,912854399.3856577,1
2025-03-14 00:00:00,34.345,8.0,3.0,913846729.1279665,1
2025-03-14 06:00:00,34.345,8.0,3.0,913917416.5455542,1
2025-03-14 12:00:00,31.8,8.0,3.0,905655861.0,0
2025-03-14 18:00:00,31.67,7.0,3.0,905596886.5,0
2025-03-15 00:00:00,34.345,8.0,3.0,913709500.3488337,1
2025-03-15 06:00:00,31.8,7.0,3.0,925739950.0,0
2025-03-15 12:00:00,34.345,8.0,3.0,912232410.8176739,1
2025-03-15 18:00:00,31.08,7.0,3.0,922122759.0,0
2025-03-16 00:00:00,31.16,7.0,3.0,923472848.0,0
2025-03-16 06:00:00,34.345,8.0,3.0,911671000.0087756,1
2025-03-16 12:00:00,34.345,8.0,3.0,912302209.5217185,1
2025-03-16 18:00:00,34.345,8.0,3.0,913039439.8789737,1
2025-03-17 00:00:00,34.345,8.0,3.0,914937871.2844248,1
2025-03-17 06:00:00,31.41,7.0,3.0,923328859.0,0
2025-03-17 12:00:00,37.34,7.0,3.0,923483238.0,0
2025-03-17 18:00:00,40.29,10.0,20.0,908122877.0,0
2025-03-18 00:00:00,34.345,8.0,3.0,913238006.9113766,1
2025-03-18 06:00:00,28.52,7.0,3.0,921696555.5,0
2025-03-18 12:00:00,38.29,7.0,3.0,915149246.0,0
2025-03-18 18:00:00,34.345,8.0,3.0,912802075.8955731,1
2025-03-19 00:00:00,34.345,8.0,3.0,913944640.5056343,1
2025-03-19 06:00:00,34.345,7.0,3.0,915281017.5,0
2025-03-19 12:00:00,28.2,7.0,3.0,898520281.0,0
2025-03-19 18:00:00,33.35,7.0,3.0,908331503.0,0
2025-03-20 00:00:00,34.345,8.0,3.0,914941735.8217282,1
2025-03-20 06:00:00,34.87,7.0,3.0,924814500.0,0
2025-03-20 12:00:00,34.345,8.0,3.0,911965750.5000118,1
2025-03-20 18:00:00,35.72,9.0,3.0,924321869.0,0
2025-03-21 00:00:00,34.345,8.0,3.0,912497866.819421,1
2025-03-21 06:00:00,30.38,7.0,3.0,920832192.5,0
2025-03-21 12:00:00,48.27,7.0,3.0,923125882.0,0
2025-03-21 18:00:00,34.345,8.0,3.0,911898666.2186612,1
2025-03-22 00:00:00,34.345,8.0,3.0,913164058.7106344,1
2025-03-22 06:00:00,34.345,8.0,3.0,913347158.6459398,1
2025-03-22 12:00:00,34.345,8.0,3.0,913976293.1339363,1
2025-03-22 18:00:00,34.345,8.0,3.0,913520354.0025607,1
2025-03-23 00:00:00,34.345,8.0,3.0,914259193.7191788,1
2025-03-23 06:00:00,34.345,8.0,3.0,914207394.9634311,1
2025-03-23 12:00:00,34.345,8.0,3.0,914233577.2118213,1
2025-03-23 18:00:00,34.345,8.0,3.0,914159141.1657561,1
2025-03-24 00:00:00,34.345,8.0,3.0,915231858.0252657,1
2025-03-24 06:00:00,34.345,8.0,3.0,904751631.0,0
2025-03-24 12:00:00,34.345,8.0,3.0,913350965.1941106,1
2025-03-24 18:00:00,30.78,7.0,3.0,908016611.0,0
2025-03-25 00:00:00,34.345,8.0,3.0,915247472.199137,1
2025-03-25 06:00:00,30.98,8.0,3.0,903286678.0,0
2025-03-25 12:00:00,30.72,7.0,3.0,923511108.0,0
2025-03-25 18:00:00,50.06,14.0,10.0,915386505.5,0
2025-03-26 00:00:00,34.345,8.0,3.0,912984143.2146925,1
2025-03-26 06:00:00,39.79,7.0,3.0,917113093.0,0
2025-03-26 12:00:00,37.79,11.5,3.0,925474797.0,0
2025-03-26 18:00:00,32.01,9.0,3.0,917270534.5,0
2025-03-27 00:00:00,42.91,7.0,3.0,909118164.0,0
2025-03-27 06:00:00,34.345,8.0,3.0,912367756.8038906,1
2025-03-27 12:00:00,34.345,8.0,3.0,913029726.7884219,1
2025-03-27 18:00:00,34.345,8.0,3.0,913535192.0482373,1
2025-03-28 00:00:00,34.345,8.0,3.0,914208740.7194115,1
2025-03-28 06:00:00,34.345,8.0,3.0,913798453.0711337,1
2025-03-28 12:00:00,34.345,8.0,3.0,914246352.6018169,1
2025-03-28 18:00:00,34.345,8.0,3.0,913968775.3244444,1
2025-03-29 00:00:00,34.345,8.0,3.0,914792995.6419886,1
2025-03-29 06:00:00,34.345,8.0,3.0,913868958.2534125,1
2025-03-29 12:00:00,34.345,8.0,3.0,913851663.9639282,1
2025-03-29 18:00:00,34.345,8.0,3.0,913629134.5495176,1
2025-03-30 00:00:00,34.345,8.0,3.0,914708899.2234869,1
2025-03-30 06:00:00,34.345,8.0,3.0,913925345.6473477,1
2025-03-30 12:00:00,31.52,7.0,3.0,916640928.5,0
2025-03-30 18:00:00,39.65,9.0,3.0,923792684.0,0
2025-03-31 00:00:00,34.345,8.0,3.0,912590970.5244204,1
2025-03-31 06:00:00,33.13,7.0,3.0,915461203.5,0
2025-03-31 12:00:00,30.32,7.0,3.0,921700516.0,0
2025-03-31 18:00:00,30.24,7.0,3.0,921278320.0,0
2025-04-01 00:00:00,31.69,7.0,3.0,915855653.0,0
2025-04-01 06:00:00,27.5,7.0,3.0,923743119.0,0
2025-04-01 12:00:00,33.86,7.0,3.0,923430162.0,0
2025-04-01 18:00:00,30.54,7.0,3.0,916771632.5,0
2025-04-02 00:00:00,34.345,8.0,3.0,912909268.4728057,1
2025-04-02 06:00:00,31.01,7.0,3.0,802579333.0,0
2025-04-02 12:00:00,29.99,7.0,3.0,915518072.0,0
2025-04-02 18:00:00,34.345,8.0,3.0,913796095.0764538,1
2025-04-03 00:00:00,34.345,8.0,3.0,914183447.7643267,1
2025-04-03 06:00:00,34.345,8.0,3.0,914101643.515548,1
2025-04-03 12:00:00,34.345,8.0,3.0,914428211.5482539,1
2025-04-03 18:00:00,34.345,8.0,3.0,914484030.5774351,1
2025-04-04 00:00:00,29.06,7.0,3.0,910794297.0,0
2025-04-04 06:00:00,34.345,8.0,3.0,914485866.4566864,1
2025-04-04 12:00:00,31.97,7.0,3.0,907860051.0,0
2025-04-04 18:00:00,46.18,7.0,3.0,921540602.0,0
2025-04-05 00:00:00,34.345,8.0,3.0,913206282.6247668,1
2025-04-05 06:00:00,49.96,11.0,3.0,919244124.0,0
2025-04-05 12:00:00,21.64,7.0,3.0,856151197.0,0
2025-04-05 18:00:00,40.38,10.0,10.0,910375959.0,0
2025-04-06 00:00:00,34.345,8.0,3.0,913738049.3371178,1
2025-04-06 06:00:00,31.71,7.0,3.0,920651569.0,0
2025-04-06 12:00:00,31.78,7.0,3.0,924276835.0,0
2025-04-06 18:00:00,57.24,10.0,1.0,594517461.5,0
2025-04-07 00:00:00,34.345,8.0,3.0,910952353.8010952,1
2025-04-07 06:00:00,35.85,7.0,3.0,447481150.0,0
2025-04-07 12:00:00,34.345,10.0,1.0,880489883.0,0
2025-04-07 18:00:00,34.345,10.0,3.0,909432511.0,0
2025-04-08 00:00:00,34.345,8.0,3.0,908433752.0575361,1
2025-04-08 06:00:00,34.345,7.0,3.0,923116974.0,0
2025-04-08 12:00:00,34.57,7.0,3.0,907202237.5,0
2025-04-08 18:00:00,60.07,13.0,10.0,923695032.0,0
2025-04-09 00:00:00,34.345,8.0,3.0,912653427.6290226,1
2025-04-09 06:00:00,23.34,11.0,1.0,275409050.0,0
2025-04-09 12:00:00,34.345,8.0,3.0,904505579.4512656,1
2025-04-09 18:00:00,34.345,8.0,3.0,908885688.0216789,1
2025-04-10 00:00:00,34.345,8.0,3.0,912479623.9878229,1
2025-04-10 06:00:00,34.345,8.0,3.0,911793340.8184764,1
2025-04-10 12:00:00,34.345,8.0,3.0,913281192.0157992,1
2025-04-10 18:00:00,34.345,8.0,3.0,915150703.5206391,1
2025-04-11 00:00:00,34.345,8.0,3.0,914621997.5360972,1
2025-04-11 06:00:00,34.345,8.0,3.0,913894847.9215685,1
2025-04-11 12:00:00,34.345,8.0,3.0,914155354.8571026,1
2025-04-11 18:00:00,34.345,8.0,3.0,914259445.221109,1
2025-04-12 00:00:00,34.345,8.0,3.0,914758317.992407,1
2025-04-12 06:00:00,34.345,8.0,3.0,914256850.0888427,1
2025-04-12 12:00:00,34.345,8.0,3.0,914196678.7059323,1
2025-04-12 18:00:00,34.345,8.0,3.0,913985552.1008778,1
2025-04-13 00:00:00,34.345,8.0,3.0,914692321.4368191,1
2025-04-13 06:00:00,34.345,8.0,3.0,914277535.9206452,1
2025-04-13 12:00:00,34.345,8.0,3.0,913885211.5150872,1
2025-04-13 18:00:00,34.345,8.0,3.0,914083868.9465144,1
2025-04-14 00:00:00,34.345,8.0,3.0,915326564.2810863,1
2025-04-14 06:00:00,34.345,8.0,3.0,659487597.0,0
2025-04-14 12:00:00,34.345,8.0,3.0,913331804.4647198,1
2025-04-14 18:00:00,34.345,8.0,3.0,914305098.6188097,1
2025-04-15 00:00:00,34.345,8.0,3.0,914432704.7602803,1
2025-04-15 06:00:00,64.56,12.0,1.0,787380442.0,0
2025-04-15 12:00:00,66.59,10.5,1.0,407241764.5,0
2025-04-15 18:00:00,34.345,11.0,1.0,664466112.0,0
2025-04-16 00:00:00,34.345,11.0,1.0,922275459.0,0
2025-04-16 06:00:00,34.345,8.0,3.0,913615607.8711473,1
2025-04-16 12:00:00,61.53,10.0,3.0,566596181.5,0
2025-04-16 18:00:00,34.345,8.0,3.0,896898497.8687404,1
2025-04-17 00:00:00,34.345,8.0,3.0,900912204.03396,1
2025-04-17 06:00:00,37.94,9.0,3.0,922120563.5,0
2025-04-17 12:00:00,34.345,8.0,3.0,911449861.6167217,1
2025-04-17 18:00:00,34.345,8.0,3.0,911208381.4948655,1
2025-04-18 00:00:00,64.92,11.0,1.0,583610463.0,0
2025-04-18 06:00:00,63.61,14.0,100.0,898425127.0,0
2025-04-18 12:00:00,64.54,14.0,100.0,899443716.5,0
2025-04-18 18:00:00,64.79,14.0,100.0,914850578.0,0
2025-04-19 00:00:00,34.345,8.0,3.0,913592985.5890548,1
2025-04-19 06:00:00,41.94,10.0,20.0,918050590.5,0
2025-04-19 12:00:00,41.76,10.0,20.0,924164420.5,0
2025-04-19 18:00:00,42.09,10.0,20.0,923322904.0,0
2025-04-20 00:00:00,34.345,8.0,3.0,912320514.3265278,1
2025-04-20 06:00:00,41.95,10.0,20.0,910830091.33,0
2025-04-20 12:00:00,47.59,11.0,10.0,922905919.0,0
2025-04-20 18:00:00,49.26,11.0,10.0,898071600.33,0
2025-04-21 00:00:00,34.345,8.0,3.0,913647696.4890789,1
2025-04-21 06:00:00,33.64,7.0,3.0,922904581.0,0
2025-04-21 12:00:00,33.97,10.0,1.0,906994297.0,0
2025-04-21 18:00:00,45.38,10.0,20.0,858944658.5,0
2025-04-22 00:00:00,34.345,8.0,3.0,913100253.8634958,1
2025-04-22 06:00:00,69.56,7.0,3.0,900755087.5,0
2025-04-22 12:00:00,61.78,11.0,3.0,874931639.0,0
2025-04-22 18:00:00,34.345,7.0,3.0,914520355.5,0
2025-04-23 00:00:00,34.345,10.0,3.0,621492455.0,0
2025-04-23 06:00:00,34.345,8.0,3.0,912912952.7460623,1
2025-04-23 12:00:00,34.345,8.0,3.0,913189673.4863433,1
2025-04-23 18:00:00,34.345,8.0,3.0,912902415.5505812,1
2025-04-24 00:00:00,34.345,8.0,3.0,913863813.7451301,1
2025-04-24 06:00:00,34.345,8.0,3.0,913609010.679504,1
2025-04-24 12:00:00,34.345,8.0,3.0,914920907.273105,1
2025-04-24 18:00:00,34.345,8.0,3.0,914133792.863304,1
2025-04-25 00:00:00,34.345,8.0,3.0,914688011.91661,1
2025-04-25 06:00:00,34.345,8.0,3.0,914186870.5379733,1
2025-04-25 12:00:00,34.345,8.0,3.0,914118496.5837479,1
2025-04-25 18:00:00,34.345,8.0,3.0,914192270.7197583,1
2025-04-26 00:00:00,34.345,8.0,3.0,914928322.5972804,1
2025-04-26 06:00:00,34.345,8.0,3.0,914063229.0821459,1
2025-04-26 12:00:00,34.345,8.0,3.0,914070618.7505442,1
2025-04-26 18:00:00,34.345,8.0,3.0,913871889.8536271,1
2025-04-27 00:00:00,34.345,8.0,3.0,914792697.3735721,1
2025-04-27 06:00:00,34.345,8.0,3.0,914040086.3750699,1
2025-04-27 12:00:00,34.345,8.0,3.0,913950351.0098778,1
2025-04-27 18:00:00,34.345,8.0,3.0,913782367.9138765,1
2025-04-28 00:00:00,34.345,8.0,3.0,915293444.1263627,1
2025-04-28 06:00:00,34.345,8.0,3.0,914275994.5913875,1
2025-04-28 12:00:00,34.345,8.0,3.0,914166787.8529981,1
2025-04-28 18:00:00,34.345,13.0,100.0,912160595.0,0
2025-04-29 00:00:00,34.345,8.0,3.0,915162323.0095432,1
2025-04-29 06:00:00,34.345,8.0,3.0,914077809.3492967,1
2025-04-29 12:00:00,34.345,8.0,3.0,914149066.0061318,1
2025-04-29 18:00:00,34.345,8.0,3.0,914291969.054984,1
2025-04-30 00:00:00,34.345,8.0,3.0,915074346.9677962,1
2025-04-30 06:00:00,34.345,8.0,3.0,914131921.2657757,1
2025-04-30 12:00:00,34.345,8.0,3.0,914073947.0387651,1
2025-04-30 18:00:00,34.345,8.0,3.0,914104283.151317,1
2025-05-01 00:00:00,34.345,8.0,3.0,915425767.7327821,1
2025-05-01 06:00:00,34.345,8.0,3.0,914568752.1681741,1
2025-05-01 12:00:00,34.345,8.0,3.0,914404685.1104013,1
2025-05-01 18:00:00,34.345,8.0,3.0,914170610.9440792,1
2025-05-02 00:00:00,34.345,8.0,3.0,915318684.9703933,1
2025-05-02 06:00:00,34.345,8.0,3.0,914541538.1232307,1
2025-05-02 12:00:00,34.345,8.0,3.0,914297020.4689974,1
2025-05-02 18:00:00,34.345,8.0,3.0,914176929.1081625,1
2025-05-03 00:00:00,34.345,8.0,3.0,914996943.889325,1
2025-05-03 06:00:00,34.345,8.0,3.0,914486726.0343046,1
2025-05-03 12:00:00,34.345,8.0,3.0,914276362.1378216,1
2025-05-03 18:00:00,34.345,8.0,3.0,914149807.1176637,1
2025-05-04 00:00:00,34.345,8.0,3.0,914945773.0241616,1
2025-05-04 06:00:00,34.345,8.0,3.0,914444430.4457923,1
2025-05-04 12:00:00,34.345,8.0,3.0,914186532.7586077,1
2025-05-04 18:00:00,34.345,8.0,3.0,914408503.454525,1
2025-05-05 00:00:00,34.345,8.0,3.0,915565675.5325394,1
2025-05-05 06:00:00,34.345,8.0,3.0,914705089.6926731,1
2025-05-05 12:00:00,34.345,8.0,3.0,914573716.6840875,1
2025-05-05 18:00:00,34.345,8.0,3.0,914201519.2176069,1
2025-05-06 00:00:00,34.345,8.0,3.0,915166783.0231616,1
2025-05-06 06:00:00,34.345,8.0,3.0,914544515.5077862,1
2025-05-06 12:00:00,34.345,8.0,3.0,914632801.9213966,1
2025-05-06 18:00:00,34.345,8.0,3.0,914245797.1581515,1
2025-05-07 00:00:00,34.345,8.0,3.0,915167977.5986232,1
2025-05-07 06:00:00,34.345,8.0,3.0,914495185.1241739,1
2025-05-07 12:00:00,34.345,8.0,3.0,914594546.9065819,1
2025-05-07 18:00:00,34.345,8.0,3.0,914122060.8566558,1
2025-05-08 00:00:00,34.345,8.0,3.0,915084525.5183079,1
2025-05-08 06:00:00,34.345,8.0,3.0,914543841.8769414,1
2025-05-08 12:00:00,34.345,8.0,3.0,914472137.5540531,1
2025-05-08 18:00:00,34.345,8.0,3.0,914287406.4452671,1
2025-05-09 00:00:00,34.345,8.0,3.0,915252701.4879725,1
2025-05-09 06:00:00,34.345,8.0,3.0,914408599.3158213,1
2025-05-09 12:00:00,34.345,8.0,3.0,914393827.6091641,1
2025-05-09 18:00:00,34.345,8.0,3.0,914386745.448809,1
2025-05-10 00:00:00,34.345,8.0,3.0,914901215.8732218,1
2025-05-10 06:00:00,34.345,8.0,3.0,914326161.5378011,1
2025-05-10 12:00:00,34.345,8.0,3.0,914207043.9286847,1
2025-05-10 18:00:00,34.345,8.0,3.0,914120284.8464621,1
2025-05-11 00:00:00,34.345,8.0,3.0,914839339.397627,1
2025-05-11 06:00:00,34.345,8.0,3.0,914300927.8713145,1
2025-05-11 12:00:00,34.345,8.0,3.0,914053045.8643391,1
2025-05-11 18:00:00,34.345,8.0,3.0,914360837.6484048,1
2025-05-12 00:00:00,34.345,8.0,3.0,915447126.8537562,1
2025-05-12 06:00:00,34.345,8.0,3.0,914536928.9312766,1
2025-05-12 12:00:00,34.345,8.0,3.0,914394579.3584526,1
2025-05-12 18:00:00,34.345,8.0,3.0,914253935.6540703,1
2025-05-13 00:00:00,34.345,8.0,3.0,915276616.3173381,1
2025-05-13 06:00:00,34.345,8.0,3.0,914475808.028128,1
2025-05-13 12:00:00,34.345,8.0,3.0,923528694.0,0
2025-05-13 18:00:00,36.65,9.0,3.0,922895541.0,0
2025-05-14 00:00:00,34.345,8.0,3.0,912820410.9844786,1
2025-05-14 06:00:00,34.345,8.0,3.0,912850250.2630929,1
2025-05-14 12:00:00,31.14,8.5,1.0,921337014.0,0
2025-05-14 18:00:00,28.85,7.0,3.0,920553745.0,0
2025-05-15 00:00:00,34.345,8.0,3.0,913534004.4672209,1
2025-05-15 06:00:00,34.345,8.0,3.0,922905919.0,0
2025-05-15 12:00:00,87.03,8.5,1.0,908488835.0,0
2025-05-15 18:00:00,34.345,12.0,1.0,167824991.0,0
2025-05-16 00:00:00,34.345,8.0,3.0,902922451.2925222,1
2025-05-16 06:00:00,34.345,8.0,3.0,907249621.7517313,1
2025-05-16 12:00:00,41.58,10.0,20.0,918045960.0,0
2025-05-16 18:00:00,34.52,7.0,3.0,798125543.0,0
2025-05-17 00:00:00,34.345,8.0,3.0,909732099.5268836,1
2025-05-17 06:00:00,34.345,8.0,3.0,912194047.8722026,1
2025-05-17 12:00:00,33.43,7.0,3.0,935446433.0,0
2025-05-17 18:00:00,34.345,8.0,3.0,909007291.763145,1
2025-05-18 00:00:00,34.345,8.0,3.0,909178848.9250605,1
2025-05-18 06:00:00,33.97,7.0,3.0,586313469.0,0
2025-05-18 12:00:00,34.345,8.0,3.0,910623009.7090143,1
2025-05-18 18:00:00,34.32,7.0,3.0,813468812.0,0
2025-05-19 00:00:00,34.345,8.0,3.0,914822989.4629109,1
2025-05-19 06:00:00,32.52,7.0,3.0,891498343.0,0
2025-05-19 12:00:00,34.345,8.0,3.0,911903345.3321115,1
2025-05-19 18:00:00,31.26,9.0,3.0,911160570.0,0
2025-05-20 00:00:00,34.345,8.0,3.0,914702633.209003,1
2025-05-20 06:00:00,57.66,10.0,1.0,917819536.0,0
2025-05-20 12:00:00,32.12,7.0,3.0,922723710.5,0
2025-05-20 18:00:00,34.63,10.0,20.0,918064328.0,0
2025-05-21 00:00:00,34.345,8.0,3.0,912278399.3776364,1
2025-05-21 06:00:00,43.48,10.0,10.0,904640177.0,0
2025-05-21 12:00:00,46.1,13.0,10.0,906889073.0,0
2025-05-21 18:00:00,34.345,8.0,3.0,912324726.2065122,1
2025-05-22 00:00:00,34.345,8.0,3.0,913757859.1616628,1
2025-05-22 06:00:00,34.345,8.0,3.0,913814485.2331141,1
2025-05-22 12:00:00,43.96,10.0,20.0,903879468.5,0
2025-05-22 18:00:00,45.54,10.0,20.0,907961095.0,0
2025-05-23 00:00:00,46.33,11.0,20.0,904399467.0,0
2025-05-23 06:00:00,46.27,10.0,20.0,904348983.0,0
2025-05-23 12:00:00,34.345,8.0,3.0,913173426.2938464,1
2025-05-23 18:00:00,34.345,8.0,3.0,913700684.4470545,1
2025-05-24 00:00:00,34.345,8.0,3.0,914593413.1215773,1
2025-05-24 06:00:00,34.345,8.0,3.0,913861744.6463072,1
2025-05-24 12:00:00,31.5,8.0,3.0,923743997.0,0
2025-05-24 18:00:00,30.56,7.0,3.0,922522572.0,0
2025-05-25 00:00:00,34.345,8.0,3.0,912323798.7454036,1
2025-05-25 06:00:00,32.75,7.0,3.0,842751596.0,0
2025-05-25 12:00:00,32.27,7.0,3.0,815804147.0,0
2025-05-25 18:00:00,30.89,7.0,3.0,892899167.0,0
2025-05-26 00:00:00,34.345,8.0,3.0,916474428.748817,1
2025-05-26 06:00:00,34.345,8.0,3.0,911654851.9297925,1
2025-05-26 12:00:00,34.345,8.0,3.0,911664359.957455,1
2025-05-26 18:00:00,34.345,8.0,3.0,912329143.6678318,1
2025-05-27 00:00:00,34.345,8.0,3.0,914756836.2458377,1
2025-05-27 06:00:00,34.345,8.0,3.0,914108120.1134653,1
2025-05-27 12:00:00,45.67,7.0,3.0,873885073.0,0
2025-05-27 18:00:00,34.345,8.0,3.0,914071921.0698802,1
2025-05-28 00:00:00,34.345,8.0,3.0,914782476.4498422,1
2025-05-28 06:00:00,31.38,7.0,3.0,921173186.0,0
2025-05-28 12:00:00,34.345,8.0,3.0,912711685.1605699,1
2025-05-28 18:00:00,34.345,8.0,3.0,912597897.4385667,1
2025-05-29 00:00:00,56.83,7.0,3.0,918833647.0,0
2025-05-29 06:00:00,34.58,7.0,3.0,906706774.0,0
2025-05-29 12:00:00,34.65,7.0,3.0,918741239.0,0
2025-05-29 18:00:00,31.29,8.0,3.0,922408104.5,0
2025-05-30 00:00:00,34.345,8.0,3.0,912745183.4448175,1
2025-05-30 06:00:00,31.19,7.0,3.0,921283986.0,0
2025-05-30 12:00:00,34.345,8.0,3.0,912703996.6908057,1
2025-05-30 18:00:00,65.18,10.0,1.0,922799262.0,0
2025-05-31 00:00:00,34.345,8.0,3.0,913007009.9113442,1
2025-05-31 06:00:00,31.61,7.0,3.0,902167313.0,0
2025-05-31 12:00:00,31.69,7.0,3.0,905928514.0,0
2025-05-31 18:00:00,31.29,7.0,3.0,922215813.0,0
2025-06-01 00:00:00,34.345,8.0,3.0,912578767.5125432,1
2025-06-01 06:00:00,34.345,8.0,3.0,912661233.2645869,1
2025-06-01 12:00:00,31.23,7.0,3.0,923641471.0,0
2025-06-01 18:00:00,29.98,7.0,3.0,920559888.5,0
2025-06-02 00:00:00,34.345,8.0,3.0,913548032.8506006,1
2025-06-02 06:00:00,31.45,7.0,3.0,907495181.0,0
2025-06-02 12:00:00,65.28,12.0,1.0,919110101.0,0
2025-06-02 18:00:00,31.11,8.0,3.0,904976276.0,0
2025-06-03 00:00:00,66.29,14.0,100.0,919445566.0,0
2025-06-03 06:00:00,34.345,8.0,3.0,912575445.6837652,1
2025-06-03 12:00:00,64.62,10.0,1.0,922801569.0,0
2025-06-03 18:00:00,35.05,10.0,20.0,909012813.0,0
2025-06-04 00:00:00,34.345,8.0,3.0,913668636.4754226,1
2025-06-04 06:00:00,30.95,7.0,3.0,923849270.0,0
2025-06-04 12:00:00,34.345,8.0,3.0,913182690.6651404,1
2025-06-04 18:00:00,33.53,7.0,3.0,921070862.0,0
2025-06-05 00:00:00,31.14,7.0,3.0,924216365.0,0
2025-06-05 06:00:00,34.345,8.0,3.0,912244087.398153,1
2025-06-05 12:00:00,36.05,10.0,20.0,914884709.0,0
2025-06-05 18:00:00,36.0,10.0,20.0,928570894.0,0
2025-06-06 00:00:00,34.345,8.0,3.0,913472045.8528621,1
2025-06-06 06:00:00,41.21,10.0,10.0,937270548.0,0
2025-06-06 12:00:00,46.65,10.0,10.0,921074684.0,0
2025-06-06 18:00:00,44.38,11.0,10.0,910375053.0,0
2025-06-07 00:00:00,34.345,8.0,3.0,911149682.8845866,1
2025-06-07 06:00:00,37.78,11.0,20.0,912710027.5,0
2025-06-07 12:00:00,34.345,8.0,3.0,912709440.3667643,1
2025-06-07 18:00:00,49.64,7.0,3.0,919707803.0,0
2025-06-08 00:00:00,36.85,10.0,20.0,919708538.0,0
2025-06-08 06:00:00,34.345,8.0,3.0,912396619.7194575,1
2025-06-08 12:00:00,43.11,10.0,10.0,902143805.0,0
2025-06-08 18:00:00,41.23,10.0,20.0,907126791.0,0
2025-06-09 00:00:00,34.345,8.0,3.0,914325022.3919741,1
2025-06-09 06:00:00,34.345,8.0,3.0,914110070.6043435,1
2025-06-09 12:00:00,39.67,10.0,20.0,908093238.0,0
2025-06-09 18:00:00,38.5,10.0,20.0,921781904.5,0
2025-06-10 00:00:00,34.345,8.0,3.0,913309476.951552,1
2025-06-10 06:00:00,44.19,10.0,20.0,901489483.0,0
2025-06-10 12:00:00,40.55,10.0,1.0,900153487.0,0
2025-06-10 18:00:00,34.345,8.0,3.0,913604658.7371333,1
2025-06-11 00:00:00,34.345,8.0,3.0,914556547.6238532,1
2025-06-11 06:00:00,34.345,8.0,3.0,913666743.505064,1
2025-06-11 12:00:00,44.71,10.0,1.0,923167972.0,0
2025-06-11 18:00:00,33.75,9.0,3.0,924164768.0,0
2025-06-12 00:00:00,34.345,8.0,3.0,912532817.5831916,1
2025-06-12 06:00:00,35.31,7.0,3.0,905028932.0,0
2025-06-12 12:00:00,34.345,8.0,3.0,912925009.0396405,1
2025-06-12 18:00:00,30.52,9.0,3.0,924322516.0,0
2025-06-13 00:00:00,34.345,8.0,3.0,913366361.290971,1
2025-06-13 06:00:00,30.8,7.0,3.0,921767620.0,0
2025-06-13 12:00:00,32.51,7.0,3.0,913547662.0,0
2025-06-13 18:00:00,31.19,7.0,3.0,905677189.0,0
2025-06-14 00:00:00,34.345,8.0,3.0,913381854.8712507,1
2025-06-14 06:00:00,30.52,7.0,3.0,920453546.0,0
2025-06-14 12:00:00,32.4,10.0,10.0,886729801.0,0
2025-06-14 18:00:00,30.56,7.0,3.0,921560021.5,0
2025-06-15 00:00:00,34.345,8.0,3.0,912504023.2673426,1
2025-06-15 06:00:00,34.345,8.0,3.0,912750121.5016472,1
2025-06-15 12:00:00,34.345,8.0,3.0,913141033.3270324,1
2025-06-15 18:00:00,30.54,7.0,3.0,908176032.0,0
2025-06-16 00:00:00,30.91,7.0,3.0,922643314.0,0
2025-06-16 06:00:00,30.34,7.0,3.0,918972236.0,0
2025-06-16 12:00:00,34.345,8.0,3.0,911961053.3790178,1
2025-06-16 18:00:00,30.79,7.0,3.0,598321713.0,0
2025-06-17 00:00:00,34.345,8.0,3.0,912882291.262077,1
2025-06-17 06:00:00,30.88,7.0,3.0,922755369.0,0
2025-06-17 12:00:00,30.33,10.0,3.0,922956595.0,0
2025-06-17 18:00:00,33.05,10.0,20.0,909168017.0,0
2025-06-18 00:00:00,34.345,8.0,3.0,912390864.7836449,1
2025-06-18 06:00:00,31.51,7.0,3.0,900380368.5,0
2025-06-18 12:00:00,34.04,7.0,3.0,884270366.0,0
2025-06-18 18:00:00,34.345,8.0,3.0,914210334.5496522,1
2025-06-19 00:00:00,34.345,8.0,3.0,914341750.0147219,1
2025-06-19 06:00:00,30.83,7.0,3.0,922747341.0,0
2025-06-19 12:00:00,34.09,7.0,3.0,898486946.0,0
2025-06-19 18:00:00,30.59,7.0,3.0,922381815.0,0
2025-06-20 00:00:00,31.04,7.0,3.0,877615117.0,0
2025-06-20 06:00:00,31.32,7.0,3.0,866883595.0,0
2025-06-20 12:00:00,35.9,7.0,3.0,903139457.0,0
2025-06-20 18:00:00,30.23,7.0,3.0,923744043.0,0
2025-06-21 00:00:00,32.32,12.0,3.0,862744124.0,0
2025-06-21 06:00:00,32.1,9.0,3.0,909285499.0,0
2025-06-21 12:00:00,31.27,8.0,3.0,919968935.0,0
2025-06-21 18:00:00,32.57,9.0,3.0,920785730.0,0
2025-06-22 00:00:00,31.72,9.0,3.0,911473567.0,0
2025-06-22 06:00:00,34.345,8.0,3.0,912392535.4156662,1
2025-06-22 12:00:00,32.53,9.0,3.0,912689688.0,0
2025-06-22 18:00:00,32.19,7.0,3.0,920363946.0,0
2025-06-23 00:00:00,34.345,8.0,3.0,913855744.5895926,1
2025-06-23 06:00:00,35.56,7.0,3.0,919517499.5,0
2025-06-23 12:00:00,34.345,8.0,3.0,913003818.1551287,1
2025-06-23 18:00:00,42.16,10.0,20.0,916146393.0,0
2025-06-24 00:00:00,34.345,8.0,3.0,913486925.55097,1
2025-06-24 06:00:00,30.93,7.0,3.0,909488101.0,0
2025-06-24 12:00:00,34.345,7.0,3.0,899177937.5,0
2025-06-24 18:00:00,34.345,8.0,3.0,913616763.8612229,1
2025-06-25 00:00:00,34.345,8.0,3.0,914936221.6281794,1
2025-06-25 06:00:00,30.31,7.0,3.0,916352330.5,0
2025-06-25 12:00:00,34.17,7.0,3.0,907022639.0,0
2025-06-25 18:00:00,39.04,12.0,10.0,933395526.0,0
2025-06-26 00:00:00,37.24,7.0,3.0,894277952.0,0
2025-06-26 06:00:00,34.345,8.0,3.0,909420297.3745738,1
2025-06-26 12:00:00,38.23,11.0,20.0,922384980.0,0
2025-06-26 18:00:00,38.56,10.0,20.0,923000393.0,0
2025-06-27 00:00:00,34.345,8.0,3.0,911370723.5973113,1
2025-06-27 06:00:00,32.24,8.0,3.0,923691522.0,0
2025-06-27 12:00:00,34.345,8.0,3.0,917664681.0,0
2025-06-27 18:00:00,34.345,10.0,3.0,915645095.0,0
2025-06-28 00:00:00,34.345,7.0,3.0,709160488.0,0
2025-06-28 06:00:00,31.18,7.0,3.0,906890324.0,0
2025-06-28 12:00:00,32.49,8.0,3.0,919483549.0,0
2025-06-28 18:00:00,30.97,7.0,3.0,930823909.5,0
2025-06-29 00:00:00,34.345,8.0,3.0,910632085.9746073,1
2025-06-29 06:00:00,32.14,7.0,3.0,921462997.0,0
2025-06-29 12:00:00,34.345,8.0,3.0,911336034.5471144,1
2025-06-29 18:00:00,37.96,10.5,10.0,914278615.5,0
2025-06-30 00:00:00,34.345,8.0,3.0,913402087.1545318,1
2025-06-30 06:00:00,34.345,8.0,3.0,913291858.3574153,1
2025-06-30 12:00:00,37.41,12.0,20.0,911503002.0,0
2025-06-30 18:00:00,35.95,11.0,20.0,917943634.0,0
2025-07-01 00:00:00,34.345,8.0,3.0,913927837.7667661,1
2025-07-01 06:00:00,31.87,8.0,3.0,902314196.0,0
2025-07-01 12:00:00,42.91,10.0,3.0,901835499.0,0
2025-07-01 18:00:00,32.71,9.0,3.0,921543044.0,0
2025-07-02 00:00:00,34.345,8.0,3.0,913730324.8928713,1
2025-07-02 06:00:00,31.59,8.0,3.0,915166022.0,0
2025-07-02 12:00:00,30.76,7.0,3.0,920438862.0,0
2025-07-02 18:00:00,29.11,8.0,3.0,921388153.0,0
2025-07-03 00:00:00,30.85,8.0,3.0,911754199.5,0
2025-07-03 06:00:00,31.11,8.0,3.0,908332711.0,0
2025-07-03 12:00:00,36.63,14.0,10.0,919288601.0,0
2025-07-03 18:00:00,32.78,14.0,10.0,917313421.0,0
2025-07-04 00:00:00,34.345,8.0,3.0,913046665.071225,1
2025-07-04 06:00:00,32.98,7.0,3.0,900103174.0,0
2025-07-04 12:00:00,42.21,7.0,3.0,902568349.5,0
2025-07-04 18:00:00,37.59,10.0,20.0,924373513.0,0
2025-07-05 00:00:00,34.345,8.0,3.0,913120200.6656655,1
2025-07-05 06:00:00,34.345,8.0,3.0,912777779.723483,1
2025-07-05 12:00:00,34.345,8.0,3.0,912954023.6903541,1
2025-07-05 18:00:00,34.345,8.0,3.0,913553868.1284562,1
2025-07-06 00:00:00,34.345,8.0,3.0,914303060.4556758,1
2025-07-06 06:00:00,34.345,8.0,3.0,913807903.4886385,1
2025-07-06 12:00:00,34.345,8.0,3.0,914345196.2566687,1
2025-07-06 18:00:00,34.345,8.0,3.0,914342891.936077,1
2025-07-07 00:00:00,34.345,8.0,3.0,915473490.9865097,1
2025-07-07 06:00:00,34.345,8.0,3.0,914598240.9317302,1
2025-07-07 12:00:00,34.345,8.0,3.0,914295274.8159177,1
2025-07-07 18:00:00,56.3,7.0,3.0,901837245.0,0
2025-07-08 00:00:00,34.345,8.0,3.0,915004043.1896209,1
2025-07-08 06:00:00,47.68,12.0,10.0,916616101.0,0
2025-07-08 12:00:00,66.64,10.0,1.0,158073393.0,0
2025-07-08 18:00:00,42.0,8.5,1.0,903299001.0,0
2025-07-09 00:00:00,34.345,8.0,3.0,908039198.2102326,1
2025-07-09 06:00:00,31.22,7.0,3.0,902614672.0,0
2025-07-09 12:00:00,34.345,8.0,3.0,912340703.8826938,1
2025-07-09 18:00:00,34.345,8.0,3.0,912092780.3756036,1
2025-07-10 00:00:00,34.345,8.0,3.0,915464599.7718477,1
2025-07-10 06:00:00,34.345,8.0,3.0,913835630.370717,1
2025-07-10 12:00:00,37.88,10.0,20.0,911318130.0,0
2025-07-10 18:00:00,35.42,10.0,20.0,911136520.0,0
2025-07-11 00:00:00,34.345,8.0,3.0,914891481.5180025,1
2025-07-11 06:00:00,34.345,8.0,3.0,914064897.7701769,1
2025-07-11 12:00:00,41.02,12.0,10.0,915487734.0,0
2025-07-11 18:00:00,41.1,13.0,10.0,917268563.0,0
2025-07-12 00:00:00,34.345,8.0,3.0,913273082.7430998,1
2025-07-12 06:00:00,34.345,8.0,3.0,913511131.9994003,1
2025-07-12 12:00:00,34.345,8.0,3.0,914144428.5911188,1
2025-07-12 18:00:00,35.64,10.0,20.0,914714010.0,0
2025-07-13 00:00:00,34.345,8.0,3.0,914390650.9683375,1
2025-07-13 06:00:00,36.16,10.0,20.0,909671074.0,0
2025-07-13 12:00:00,35.81,10.0,20.0,916030738.0,0
2025-07-13 18:00:00,35.61,10.0,20.0,909787076.0,0
2025-07-14 00:00:00,36.2,10.0,20.0,921491537.0,0
2025-07-14 06:00:00,37.68,10.0,20.0,911265428.0,0
2025-07-14 12:00:00,34.345,8.0,3.0,913087375.0888146,1
2025-07-14 18:00:00,35.58,10.0,20.0,915408358.0,0
2025-07-15 00:00:00,34.345,8.0,3.0,914236073.3851076,1
2025-07-15 06:00:00,38.68,10.0,20.0,847373392.0,0
2025-07-15 12:00:00,49.17,12.0,10.0,907809392.0,0
2025-07-15 18:00:00,37.46,10.0,20.0,872983361.0,0
2025-07-16 00:00:00,34.345,8.0,3.0,915833619.0358536,1
2025-07-16 06:00:00,34.345,8.0,3.0,913023707.376047,1
2025-07-16 12:00:00,40.83,14.0,20.0,912172858.5,0
2025-07-16 18:00:00,38.28,14.0,20.0,907594321.0,0
2025-07-17 00:00:00,34.345,8.0,3.0,914681726.8598237,1
2025-07-17 06:00:00,37.13,10.0,20.0,923795964.0,0
2025-07-17 12:00:00,52.58,12.0,10.0,901589941.0,0
2025-07-17 18:00:00,36.86,10.0,20.0,906654819.0,0
2025-07-18 00:00:00,34.345,8.0,3.0,912482355.400069,1
2025-07-18 06:00:00,34.345,10.0,20.0,883990717.0,0
2025-07-18 12:00:00,37.49,11.0,20.0,919656477.0,0
2025-07-18 18:00:00,34.58,13.0,20.0,918257142.33,0
2025-07-19 00:00:00,34.345,8.0,3.0,912080380.0169022,1
2025-07-19 06:00:00,36.27,11.0,20.0,910223905.0,0
2025-07-19 12:00:00,34.345,8.0,3.0,913302480.3106495,1
2025-07-19 18:00:00,65.65,10.0,1.0,644246018.5,0
2025-07-20 00:00:00,49.41,7.0,3.0,920561432.5,0
2025-07-20 06:00:00,34.25,7.0,3.0,922280047.0,0
2025-07-20 12:00:00,32.82,7.0,3.0,912641563.0,0
2025-07-20 18:00:00,30.7,9.0,3.0,912134028.5,0
2025-07-21 00:00:00,30.65,7.0,3.0,916721051.0,0
2025-07-21 06:00:00,34.345,8.0,3.0,913198463.6226898,1
2025-07-21 12:00:00,32.31,8.0,3.0,913602924.0,0
