Data,Atraso(ms),Hop_count,Bottleneck,Vazao_BBR,is_imputed
2024-01-15 12:00:00,14.76,6.0,100.0,913151025.0,0
2024-01-15 18:00:00,14.76,6.0,100.0,810113005.8801315,1
2024-01-16 00:00:00,21.88,6.0,100.0,899420606.0,0
2024-01-16 06:00:00,14.76,6.0,100.0,933894039.8483498,1
2024-01-16 12:00:00,20.35,6.0,100.0,925841290.0,0
2024-01-16 18:00:00,15.25,6.0,100.0,914833790.0,0
2024-01-17 00:00:00,14.76,6.0,100.0,918372840.4375837,1
2024-01-17 06:00:00,16.62,6.0,100.0,925632454.0,0
2024-01-17 12:00:00,15.78,6.0,100.0,924741902.0,0
2024-01-17 18:00:00,24.5,6.0,100.0,925003353.0,0
2024-01-18 00:00:00,14.76,6.0,100.0,924504663.6985195,1
2024-01-18 06:00:00,14.76,6.0,100.0,926987471.6456839,1
2024-01-18 12:00:00,22.63,6.0,100.0,902876323.5,0
2024-01-18 18:00:00,19.61,6.0,100.0,922704089.0,0
2024-01-19 00:00:00,15.53,6.0,100.0,926265722.0,0
2024-01-19 06:00:00,17.65,6.0,100.0,923901838.0,0
2024-01-19 12:00:00,14.85,6.0,100.0,917102030.0,0
2024-01-19 18:00:00,6.95,6.0,100.0,921838374.0,0
2024-01-20 00:00:00,14.76,6.0,100.0,925689314.0898335,1
2024-01-20 06:00:00,14.76,6.0,100.0,925891438.943415,1
2024-01-20 12:00:00,33.59,8.0,3.0,922240841.67,0
2024-01-20 18:00:00,14.76,6.0,100.0,925796044.1355006,1
2024-01-21 00:00:00,19.55,6.0,100.0,896898584.0,0
2024-01-21 06:00:00,14.76,6.0,100.0,926543641.8689367,1
2024-01-21 12:00:00,16.82,6.0,100.0,918574440.0,0
2024-01-21 18:00:00,18.27,6.0,100.0,899925462.0,0
2024-01-22 00:00:00,14.76,6.0,100.0,926467655.0854361,1
2024-01-22 06:00:00,15.54,6.0,100.0,926757247.0,0
2024-01-22 12:00:00,14.76,6.0,100.0,926604731.8984435,1
2024-01-22 18:00:00,14.76,6.0,100.0,926914822.5765095,1
2024-01-23 00:00:00,14.76,6.0,100.0,927124439.5558593,1
2024-01-23 06:00:00,9.94,6.0,100.0,895958719.0,0
2024-01-23 12:00:00,8.49,6.0,100.0,862845838.0,0
2024-01-23 18:00:00,14.76,6.0,100.0,926503559.4325763,1
2024-01-24 00:00:00,14.76,6.0,100.0,926817827.7649858,1
2024-01-24 06:00:00,14.44,6.0,100.0,827064733.0,0
2024-01-24 12:00:00,14.76,6.0,100.0,926369840.8571639,1
2024-01-24 18:00:00,2.77,6.0,100.0,879186485.5,0
2024-01-25 00:00:00,14.76,6.0,100.0,926845574.4095547,1
2024-01-25 06:00:00,15.15,6.0,100.0,871315272.0,0
2024-01-25 12:00:00,13.91,6.0,100.0,901621274.0,0
2024-01-25 18:00:00,16.59,6.0,100.0,730025254.0,0
2024-01-26 00:00:00,42.49,8.0,3.0,898473774.0,0
2024-01-26 06:00:00,34.08,8.0,3.0,872722890.5,0
2024-01-26 12:00:00,18.5,6.0,100.0,905375239.0,0
2024-01-26 18:00:00,16.28,6.0,100.0,896873990.0,0
2024-01-27 00:00:00,16.24,6.0,100.0,912890265.0,0
2024-01-27 06:00:00,15.59,6.0,100.0,915157104.0,0
2024-01-27 12:00:00,11.64,6.0,100.0,911369192.0,0
2024-01-27 18:00:00,14.76,6.0,100.0,925115038.5589719,1
2024-01-28 00:00:00,14.95,6.0,100.0,918974579.0,0
2024-01-28 06:00:00,14.4,6.0,100.0,894534261.0,0
2024-01-28 12:00:00,26.96,6.0,100.0,875256144.5,0
2024-01-28 18:00:00,14.76,6.0,100.0,921921592.4729228,1
2024-01-29 00:00:00,14.76,6.0,100.0,924073759.0415436,1
2024-01-29 06:00:00,17.81,6.0,100.0,835925079.0,0
2024-01-29 12:00:00,56.74,13.0,1.0,254821265.0,0
2024-01-29 18:00:00,20.91,6.0,100.0,887857742.5,0
2024-01-30 00:00:00,14.76,6.0,100.0,917002227.1185194,1
2024-01-30 06:00:00,10.93,6.0,100.0,894229223.5,0
2024-01-30 12:00:00,14.76,6.0,100.0,919159772.3616524,1
2024-01-30 18:00:00,14.76,6.0,100.0,918896886.1487951,1
2024-01-31 00:00:00,14.76,6.0,100.0,921643904.6991967,1
2024-01-31 06:00:00,14.76,6.0,100.0,918689899.82868,1
2024-01-31 12:00:00,14.76,6.0,100.0,918678290.6743304,1
2024-01-31 18:00:00,14.76,6.0,100.0,918914674.865658,1
2024-02-01 00:00:00,14.76,6.0,100.0,918967088.1114992,1
2024-02-01 06:00:00,27.61,6.0,100.0,921592986.0,0
2024-02-01 12:00:00,14.76,6.0,100.0,918648546.9790143,1
2024-02-01 18:00:00,14.76,6.0,100.0,918712547.6584833,1
2024-02-02 00:00:00,14.76,6.0,100.0,918827698.836725,1
2024-02-02 06:00:00,32.36,8.0,3.0,910637466.0,0
2024-02-02 12:00:00,14.76,6.0,100.0,918624778.2191263,1
2024-02-02 18:00:00,21.66,6.0,100.0,924794146.0,0
2024-02-03 00:00:00,19.25,6.0,100.0,921927950.0,0
2024-02-03 06:00:00,19.77,6.0,100.0,925265035.0,0
2024-02-03 12:00:00,18.83,6.0,100.0,914572925.0,0
2024-02-03 18:00:00,15.95,6.0,100.0,915770127.0,0
2024-02-04 00:00:00,15.61,6.0,100.0,922700844.0,0
2024-02-04 06:00:00,14.76,6.0,100.0,918030295.207773,1
2024-02-04 12:00:00,18.71,6.0,100.0,915823122.0,0
2024-02-04 18:00:00,14.76,6.0,100.0,918122805.9495484,1
2024-02-05 00:00:00,17.7,6.0,100.0,923090720.0,0
2024-02-05 06:00:00,15.61,6.0,100.0,911057671.0,0
2024-02-05 12:00:00,18.02,6.0,100.0,146330295.0,0
2024-02-05 18:00:00,14.76,6.0,100.0,892311928.6255656,1
2024-02-06 00:00:00,14.76,6.0,100.0,916699358.2644197,1
2024-02-06 06:00:00,11.91,6.0,100.0,921489325.0,0
2024-02-06 12:00:00,23.57,6.0,100.0,918348897.5,0
2024-02-06 18:00:00,39.19,10.0,10.0,874695650.0,0
2024-02-07 00:00:00,14.76,6.0,100.0,920098842.3629092,1
2024-02-07 06:00:00,28.49,9.0,10.0,923534613.0,0
2024-02-07 12:00:00,26.73,8.0,10.0,916306063.0,0
2024-02-07 18:00:00,12.23,6.0,100.0,916980599.0,0
2024-02-08 00:00:00,14.76,6.0,100.0,916868255.9109262,1
2024-02-08 06:00:00,52.52,10.0,10.0,889499897.0,0
2024-02-08 12:00:00,39.41,10.0,10.0,922175235.0,0
2024-02-08 18:00:00,14.76,6.0,100.0,916325833.8819163,1
2024-02-09 00:00:00,14.76,6.0,100.0,916743118.6021166,1
2024-02-09 06:00:00,-3.84,29.0,100.0,923586387.0,0
2024-02-09 12:00:00,16.74,6.0,100.0,924775948.0,0
2024-02-09 18:00:00,18.74,6.0,100.0,903823879.0,0
2024-02-10 00:00:00,17.95,6.0,100.0,924792111.5,0
2024-02-10 06:00:00,16.46,6.0,100.0,919450439.0,0
2024-02-10 12:00:00,14.76,6.0,100.0,916073416.4530363,1
2024-02-10 18:00:00,20.47,6.0,100.0,911006976.0,0
2024-02-11 00:00:00,23.33,6.0,100.0,921908987.0,0
2024-02-11 06:00:00,14.76,6.0,100.0,916086228.0752674,1
2024-02-11 12:00:00,43.76,6.0,100.0,926078677.0,0
2024-02-11 18:00:00,17.14,6.0,100.0,917820416.0,0
2024-02-12 00:00:00,14.76,6.0,100.0,916498179.713385,1
2024-02-12 06:00:00,14.76,6.0,100.0,916751817.6585968,1
2024-02-12 12:00:00,13.55,6.0,100.0,923904609.0,0
2024-02-12 18:00:00,7.79,6.0,100.0,925240069.5,0
2024-02-13 00:00:00,14.76,6.0,100.0,916226772.4483315,1
2024-02-13 06:00:00,14.76,6.0,100.0,926942735.0,0
2024-02-13 12:00:00,14.76,6.0,100.0,915586593.8578571,1
2024-02-13 18:00:00,33.59,9.0,10.0,925553666.5,0
2024-02-14 00:00:00,14.76,6.0,100.0,916182857.7409804,1
2024-02-14 06:00:00,14.76,6.0,100.0,916166690.5701925,1
2024-02-14 12:00:00,14.76,6.0,100.0,916439583.70582,1
2024-02-14 18:00:00,19.58,8.0,10.0,881396938.0,0
2024-02-15 00:00:00,24.95,8.0,10.0,912446540.0,0
2024-02-15 06:00:00,14.76,6.0,100.0,915863611.9784559,1
2024-02-15 12:00:00,58.77,6.0,100.0,546937296.0,0
2024-02-15 18:00:00,43.06,6.0,100.0,922646620.33,0
2024-02-16 00:00:00,14.76,6.0,100.0,915927678.2138987,1
2024-02-16 06:00:00,18.0,6.0,100.0,920389332.0,0
2024-02-16 12:00:00,16.77,6.0,100.0,921122508.0,0
2024-02-16 18:00:00,14.76,6.0,100.0,917242341.1317649,1
2024-02-17 00:00:00,18.62,6.0,100.0,922684117.0,0
2024-02-17 06:00:00,18.92,6.0,100.0,916031575.0,0
2024-02-17 12:00:00,14.76,6.0,100.0,916168557.2775912,1
2024-02-17 18:00:00,14.76,6.0,100.0,916594063.685235,1
2024-02-18 00:00:00,14.76,6.0,100.0,916575554.6576685,1
2024-02-18 06:00:00,14.76,6.0,100.0,916139067.1101282,1
2024-02-18 12:00:00,14.76,6.0,100.0,916059357.4952962,1
2024-02-18 18:00:00,14.76,6.0,100.0,916446002.4499681,1
2024-02-19 00:00:00,14.76,6.0,100.0,917055108.1095847,1
2024-02-19 06:00:00,14.76,6.0,100.0,916744159.9307666,1
2024-02-19 12:00:00,14.76,6.0,100.0,916426673.5812558,1
2024-02-19 18:00:00,14.76,6.0,100.0,916305701.9719555,1
2024-02-20 00:00:00,14.76,6.0,100.0,916332478.5221579,1
2024-02-20 06:00:00,14.76,6.0,100.0,916053291.4285493,1
2024-02-20 12:00:00,14.76,6.0,100.0,915954396.8005475,1
2024-02-20 18:00:00,14.76,6.0,100.0,916108373.8364727,1
2024-02-21 00:00:00,14.76,6.0,100.0,916189894.0353516,1
2024-02-21 06:00:00,14.76,6.0,100.0,915939521.1081526,1
2024-02-21 12:00:00,14.76,6.0,100.0,915833855.8782673,1
2024-02-21 18:00:00,14.76,6.0,100.0,916022400.2957406,1
2024-02-22 00:00:00,14.76,6.0,100.0,916056870.1445451,1
2024-02-22 06:00:00,14.76,6.0,100.0,915771516.1310366,1
2024-02-22 12:00:00,14.76,6.0,100.0,915624362.0733738,1
2024-02-22 18:00:00,14.76,6.0,100.0,915764924.6136163,1
2024-02-23 00:00:00,14.76,6.0,100.0,915844008.1977289,1
2024-02-23 06:00:00,14.76,6.0,100.0,915590797.3156394,1
2024-02-23 12:00:00,14.76,6.0,100.0,915549673.7150193,1
2024-02-23 18:00:00,14.76,6.0,100.0,915697645.5876215,1
2024-02-24 00:00:00,14.76,6.0,100.0,915743047.6308845,1
2024-02-24 06:00:00,14.76,6.0,100.0,915501559.0864295,1
2024-02-24 12:00:00,14.76,6.0,100.0,915424037.7242302,1
2024-02-24 18:00:00,14.76,6.0,100.0,915463855.7901921,1
2024-02-25 00:00:00,14.76,6.0,100.0,915575087.1314242,1
2024-02-25 06:00:00,14.76,6.0,100.0,915308190.7650872,1
2024-02-25 12:00:00,14.76,6.0,100.0,915228392.2910875,1
2024-02-25 18:00:00,14.76,6.0,100.0,915301850.6890174,1
2024-02-26 00:00:00,14.76,6.0,100.0,916048066.3721054,1
2024-02-26 06:00:00,14.76,6.0,100.0,915853071.1248347,1
2024-02-26 12:00:00,14.45,6.0,100.0,921751193.0,0
2024-02-26 18:00:00,10.67,6.0,100.0,923008264.5,0
2024-02-27 00:00:00,16.47,6.0,100.0,923380642.0,0
2024-02-27 06:00:00,14.76,6.0,100.0,914673946.1171969,1
2024-02-27 12:00:00,14.73,6.0,100.0,921647718.0,0
2024-02-27 18:00:00,18.0,6.0,100.0,922067334.0,0
2024-02-28 00:00:00,15.67,6.0,100.0,923900526.0,0
2024-02-28 06:00:00,14.22,6.0,100.0,923903454.0,0
2024-02-28 12:00:00,21.7,6.0,100.0,913101396.0,0
2024-02-28 18:00:00,21.18,6.0,100.0,923614008.5,0
2024-02-29 00:00:00,14.76,6.0,100.0,915179782.6167039,1
2024-02-29 06:00:00,18.54,6.0,100.0,921857019.0,0
2024-02-29 12:00:00,21.67,6.0,100.0,770914131.0,0
2024-02-29 18:00:00,99.19,6.0,100.0,922276727.0,0
2024-03-01 00:00:00,14.76,6.0,100.0,914881346.6799026,1
2024-03-01 06:00:00,14.4,6.0,100.0,923936175.0,0
2024-03-01 12:00:00,14.76,6.0,100.0,915099738.8505889,1
2024-03-01 18:00:00,14.76,6.0,100.0,915489267.2632154,1
2024-03-02 00:00:00,14.76,6.0,100.0,916351122.2479091,1
2024-03-02 06:00:00,14.76,6.0,100.0,915187078.8942202,1
2024-03-02 12:00:00,10.04,6.0,100.0,923845938.0,0
2024-03-02 18:00:00,14.04,6.0,100.0,924010022.0,0
2024-03-03 00:00:00,14.76,6.0,100.0,914746020.6153462,1
2024-03-03 06:00:00,30.64,8.0,10.0,925166237.0,0
2024-03-03 12:00:00,19.52,6.0,100.0,917707329.5,0
2024-03-03 18:00:00,12.53,6.0,100.0,912945296.0,0
2024-03-04 00:00:00,11.59,6.0,100.0,926420092.0,0
2024-03-04 06:00:00,10.79,6.0,100.0,918971914.0,0
2024-03-04 12:00:00,11.5,6.0,100.0,914153676.0,0
2024-03-04 18:00:00,13.23,6.0,100.0,913788088.0,0
2024-03-05 00:00:00,14.76,6.0,100.0,915831817.2916497,1
2024-03-05 06:00:00,16.92,6.0,100.0,912053730.0,0
2024-03-05 12:00:00,15.95,6.0,100.0,921385159.0,0
2024-03-05 18:00:00,15.6,6.0,100.0,923063806.0,0
2024-03-06 00:00:00,4.56,6.0,100.0,924281309.0,0
2024-03-06 06:00:00,8.89,6.0,100.0,899000004.0,0
2024-03-06 12:00:00,6.4,6.0,100.0,924635102.0,0
2024-03-06 18:00:00,15.88,6.0,100.0,923667456.0,0
2024-03-07 00:00:00,14.76,6.0,100.0,915475129.2884091,1
2024-03-07 06:00:00,14.76,6.0,100.0,915400113.4644258,1
2024-03-07 12:00:00,15.31,6.0,100.0,920164118.0,0
2024-03-07 18:00:00,14.76,6.0,100.0,915550471.5777637,1
2024-03-08 00:00:00,14.76,6.0,100.0,915357628.9973971,1
2024-03-08 06:00:00,16.83,6.0,100.0,903180270.5,0
2024-03-08 12:00:00,14.76,6.0,100.0,915796605.9669292,1
2024-03-08 18:00:00,23.04,6.0,100.0,920642550.0,0
2024-03-09 00:00:00,30.54,8.0,3.0,918240666.0,0
2024-03-09 06:00:00,38.86,8.0,3.0,912631407.0,0
2024-03-09 12:00:00,14.86,6.0,100.0,919761105.0,0
2024-03-09 18:00:00,16.1,6.0,100.0,921437496.0,0
2024-03-10 00:00:00,14.76,6.0,100.0,915115905.5309024,1
2024-03-10 06:00:00,16.28,6.0,100.0,914358409.0,0
2024-03-10 12:00:00,16.31,6.0,100.0,917907917.0,0
2024-03-10 18:00:00,16.66,6.0,100.0,925004602.0,0
2024-03-11 00:00:00,14.76,6.0,100.0,915230180.0703785,1
2024-03-11 06:00:00,22.23,6.0,100.0,924953791.0,0
2024-03-11 12:00:00,1.47,6.0,100.0,922198244.0,0
2024-03-11 18:00:00,3.79,6.0,100.0,925002150.0,0
2024-03-12 00:00:00,14.76,6.0,100.0,915253219.2550216,1
2024-03-12 06:00:00,12.92,6.0,100.0,924295355.5,0
2024-03-12 12:00:00,14.76,6.0,100.0,915337994.5119658,1
2024-03-12 18:00:00,16.92,6.0,100.0,924293096.0,0
2024-03-13 00:00:00,14.76,6.0,100.0,915548714.1941355,1
2024-03-13 06:00:00,14.76,6.0,100.0,915521468.1534537,1
2024-03-13 12:00:00,12.83,6.0,100.0,909638224.0,0
2024-03-13 18:00:00,19.35,6.0,100.0,920125872.0,0
2024-03-14 00:00:00,14.76,6.0,100.0,915760228.9807367,1
2024-03-14 06:00:00,14.76,6.0,100.0,915267396.080866,1
2024-03-14 12:00:00,14.76,6.0,100.0,915705946.4932832,1
2024-03-14 18:00:00,14.76,6.0,100.0,909537414.0,0
2024-03-15 00:00:00,14.76,6.0,100.0,915914679.6231706,1
2024-03-15 06:00:00,14.76,6.0,100.0,915797640.4964207,1
2024-03-15 12:00:00,3.05,6.0,100.0,913421130.0,0
2024-03-15 18:00:00,25.3,6.0,100.0,923690921.0,0
2024-03-16 00:00:00,22.83,6.0,100.0,924271335.0,0
2024-03-16 06:00:00,19.84,6.0,100.0,924710233.0,0
2024-03-16 12:00:00,7.46,6.0,100.0,894755187.0,0
2024-03-16 18:00:00,9.96,6.0,100.0,919972983.0,0
2024-03-17 00:00:00,14.76,6.0,100.0,915506745.505184,1
2024-03-17 06:00:00,18.36,6.0,100.0,923169679.0,0
2024-03-17 12:00:00,33.95,6.0,100.0,922643660.0,0
2024-03-17 18:00:00,27.16,6.0,100.0,923689604.5,0
2024-03-18 00:00:00,14.76,6.0,100.0,915699705.7448819,1
2024-03-18 06:00:00,24.16,6.0,100.0,924175930.0,0
2024-03-18 12:00:00,24.41,6.0,100.0,919794451.0,0
2024-03-18 18:00:00,23.58,6.0,100.0,920154969.5,0
2024-03-19 00:00:00,14.76,6.0,100.0,915837390.6809831,1
2024-03-19 06:00:00,24.49,6.0,100.0,915041996.0,0
2024-03-19 12:00:00,11.49,6.0,100.0,917979714.0,0
2024-03-19 18:00:00,16.94,6.0,100.0,911946957.0,0
2024-03-20 00:00:00,14.76,6.0,100.0,916169611.0073682,1
2024-03-20 06:00:00,14.76,6.0,100.0,916029830.8407221,1
2024-03-20 12:00:00,14.76,6.0,100.0,925528197.0,0
2024-03-20 18:00:00,15.19,6.0,100.0,925295200.0,0
2024-03-21 00:00:00,16.4,6.0,100.0,915880218.0,0
2024-03-21 06:00:00,15.33,6.0,100.0,921126068.0,0
2024-03-21 12:00:00,14.76,6.0,100.0,921588649.5,0
2024-03-21 18:00:00,15.45,6.0,100.0,925107424.0,0
2024-03-22 00:00:00,14.76,6.0,100.0,915146511.3936052,1
2024-03-22 06:00:00,14.76,6.0,100.0,915381708.818972,1
2024-03-22 12:00:00,14.76,6.0,100.0,915703200.7467211,1
2024-03-22 18:00:00,4.57,6.0,100.0,914909370.0,0
2024-03-23 00:00:00,14.76,6.0,100.0,915781185.8227491,1
2024-03-23 06:00:00,14.76,6.0,100.0,915506172.7567267,1
2024-03-23 12:00:00,11.62,6.0,100.0,923222165.0,0
2024-03-23 18:00:00,6.84,6.0,100.0,921003918.5,0
2024-03-24 00:00:00,6.68,6.0,100.0,924800435.0,0
2024-03-24 06:00:00,6.76,6.0,100.0,923271768.0,0
2024-03-24 12:00:00,14.96,6.0,100.0,923221185.0,0
2024-03-24 18:00:00,15.21,6.0,100.0,923078914.0,0
2024-03-25 00:00:00,14.76,6.0,100.0,915714144.7335101,1
2024-03-25 06:00:00,14.45,6.0,100.0,924374345.0,0
2024-03-25 12:00:00,15.02,6.0,100.0,922225635.0,0
2024-03-25 18:00:00,15.77,6.0,100.0,923634979.5,0
2024-03-26 00:00:00,14.08,6.0,100.0,909139881.0,0
2024-03-26 06:00:00,14.76,6.0,100.0,916056790.2639674,1
2024-03-26 12:00:00,9.29,6.0,100.0,921860937.0,0
2024-03-26 18:00:00,14.91,6.0,100.0,920968399.0,0
2024-03-27 00:00:00,16.36,6.0,100.0,922215075.0,0
2024-03-27 06:00:00,14.97,6.0,100.0,923036345.0,0
2024-03-27 12:00:00,14.76,6.0,100.0,915454267.0657634,1
2024-03-27 18:00:00,19.35,6.0,100.0,913044882.67,0
2024-03-28 00:00:00,14.76,6.0,100.0,916551325.1910329,1
2024-03-28 06:00:00,14.76,6.0,100.0,916157958.9921981,1
2024-03-28 12:00:00,14.76,6.0,100.0,916050891.5722638,1
2024-03-28 18:00:00,14.76,6.0,100.0,916070800.3239441,1
2024-03-29 00:00:00,62.24,6.0,100.0,925148485.0,0
2024-03-29 06:00:00,23.01,6.0,100.0,923701082.0,0
2024-03-29 12:00:00,21.39,6.0,100.0,924766938.0,0
2024-03-29 18:00:00,14.64,6.0,100.0,924690814.0,0
2024-03-30 00:00:00,14.76,6.0,100.0,915200141.2917259,1
2024-03-30 06:00:00,6.11,6.0,100.0,917873433.5,0
2024-03-30 12:00:00,8.04,6.0,100.0,918109762.0,0
2024-03-30 18:00:00,14.76,6.0,100.0,915724618.7492946,1
2024-03-31 00:00:00,14.76,6.0,100.0,915848731.399175,1
2024-03-31 06:00:00,14.76,6.0,100.0,915696033.7231228,1
2024-03-31 12:00:00,14.76,6.0,100.0,915932084.2711405,1
2024-03-31 18:00:00,14.76,6.0,100.0,916021586.7231971,1
2024-04-01 00:00:00,10.79,6.0,100.0,921704422.0,0
2024-04-01 06:00:00,9.93,6.0,100.0,917770228.0,0
2024-04-01 12:00:00,14.76,6.0,100.0,916029956.7905803,1
2024-04-01 18:00:00,16.27,6.0,100.0,921953825.0,0
2024-04-02 00:00:00,14.76,6.0,100.0,916096652.5208491,1
2024-04-02 06:00:00,19.64,6.0,100.0,903349881.5,0
2024-04-02 12:00:00,35.86,10.5,1.0,715025976.0,0
2024-04-02 18:00:00,24.18,6.0,100.0,923013085.0,0
2024-04-03 00:00:00,14.76,6.0,100.0,915392090.1759273,1
2024-04-03 06:00:00,28.28,6.0,100.0,921020782.0,0
2024-04-03 12:00:00,14.76,6.0,100.0,916296521.757347,1
2024-04-03 18:00:00,16.78,6.0,100.0,919419811.5,0
2024-04-04 00:00:00,14.76,6.0,100.0,917293003.3544201,1
2024-04-04 06:00:00,14.76,6.0,100.0,915854122.6876484,1
2024-04-04 12:00:00,16.03,6.0,100.0,921279511.5,0
2024-04-04 18:00:00,16.34,6.0,100.0,916667252.0,0
2024-04-05 00:00:00,14.76,6.0,100.0,916291298.4122177,1
2024-04-05 06:00:00,14.76,6.0,100.0,916316971.2221726,1
2024-04-05 12:00:00,14.76,6.0,100.0,928909937.5,0
2024-04-05 18:00:00,13.05,6.0,100.0,922145657.5,0
2024-04-06 00:00:00,14.76,6.0,100.0,914996467.0090728,1
2024-04-06 06:00:00,15.98,6.0,100.0,924113514.0,0
2024-04-06 12:00:00,16.8,6.0,100.0,915891758.0,0
2024-04-06 18:00:00,14.76,6.0,100.0,915562467.0302764,1
2024-04-07 00:00:00,34.68,8.0,3.0,916295480.0,0
2024-04-07 06:00:00,18.78,6.0,100.0,923588419.0,0
2024-04-07 12:00:00,19.4,6.0,100.0,920704412.0,0
2024-04-07 18:00:00,14.76,6.0,100.0,915609240.2896917,1
2024-04-08 00:00:00,14.76,6.0,100.0,916518590.447735,1
2024-04-08 06:00:00,19.61,6.0,100.0,922590746.0,0
2024-04-08 12:00:00,19.95,6.0,100.0,906658537.0,0
2024-04-08 18:00:00,14.76,6.0,100.0,916475293.091204,1
2024-04-09 00:00:00,28.14,8.0,3.0,919865917.0,0
2024-04-09 06:00:00,14.76,6.0,100.0,916380540.795565,1
2024-04-09 12:00:00,15.04,6.0,100.0,907991164.0,0
2024-04-09 18:00:00,15.6,6.0,100.0,923858278.0,0
2024-04-10 00:00:00,14.76,6.0,100.0,916063578.5184462,1
2024-04-10 06:00:00,13.52,6.0,100.0,923273844.5,0
2024-04-10 12:00:00,14.24,6.0,100.0,922171546.0,0
2024-04-10 18:00:00,14.62,6.0,100.0,923509244.0,0
2024-04-11 00:00:00,14.76,6.0,100.0,915984484.7849429,1
2024-04-11 06:00:00,12.12,6.0,100.0,919501397.0,0
2024-04-11 12:00:00,5.42,6.0,100.0,919079636.5,0
2024-04-11 18:00:00,20.56,6.0,100.0,913259413.0,0
2024-04-12 00:00:00,14.76,6.0,100.0,916378734.1347306,1
2024-04-12 06:00:00,35.03,8.0,3.0,919269892.5,0
2024-04-12 12:00:00,10.81,6.0,100.0,923953019.0,0
2024-04-12 18:00:00,20.33,6.0,100.0,925109737.0,0
2024-04-13 00:00:00,14.76,6.0,100.0,915429989.0188107,1
2024-04-13 06:00:00,19.98,6.0,100.0,920573648.5,0
2024-04-13 12:00:00,14.76,6.0,100.0,915924386.1170563,1
2024-04-13 18:00:00,19.31,6.0,100.0,917453079.33,0
2024-04-14 00:00:00,14.76,6.0,100.0,916260073.6895863,1
2024-04-14 06:00:00,14.76,6.0,100.0,915888195.6621405,1
2024-04-14 12:00:00,14.76,6.0,100.0,916269310.4420128,1
2024-04-14 18:00:00,14.76,6.0,100.0,916331116.6980265,1
2024-04-15 00:00:00,14.76,6.0,100.0,916950842.5743792,1
2024-04-15 06:00:00,14.76,6.0,100.0,916655104.4134145,1
2024-04-15 12:00:00,14.76,6.0,100.0,916929648.1800443,1
2024-04-15 18:00:00,14.76,6.0,100.0,916983329.6362457,1
2024-04-16 00:00:00,14.76,6.0,100.0,917080959.4364302,1
2024-04-16 06:00:00,14.76,6.0,100.0,916867353.703294,1
2024-04-16 12:00:00,14.76,6.0,100.0,916890010.2589709,1
2024-04-16 18:00:00,14.76,6.0,100.0,917053647.5296851,1
2024-04-17 00:00:00,14.76,6.0,100.0,917065941.8624997,1
2024-04-17 06:00:00,14.76,6.0,100.0,916871282.4810877,1
2024-04-17 12:00:00,20.34,6.0,100.0,917790419.0,0
2024-04-17 18:00:00,14.76,6.0,100.0,917044063.4735917,1
2024-04-18 00:00:00,14.76,6.0,100.0,917055597.4970222,1
2024-04-18 06:00:00,19.94,6.0,100.0,914645580.0,0
2024-04-18 12:00:00,14.76,6.0,100.0,916787312.8949887,1
2024-04-18 18:00:00,15.02,6.0,100.0,925142117.0,0
2024-04-19 00:00:00,14.76,6.0,100.0,915814547.3359609,1
2024-04-19 06:00:00,14.76,6.0,100.0,916007219.9220836,1
2024-04-19 12:00:00,13.5,6.0,100.0,902454700.0,0
2024-04-19 18:00:00,13.75,6.0,100.0,913088819.0,0
2024-04-20 00:00:00,13.59,6.0,100.0,912321668.0,0
2024-04-20 06:00:00,14.76,6.0,100.0,916382579.832935,1
2024-04-20 12:00:00,14.76,6.0,100.0,916525782.642518,1
2024-04-20 18:00:00,12.63,6.0,100.0,922976081.0,0
2024-04-21 00:00:00,14.76,6.0,100.0,915854470.7315519,1
2024-04-21 06:00:00,14.76,6.0,100.0,915931564.3585773,1
2024-04-21 12:00:00,16.1,6.0,100.0,920180445.0,0
2024-04-21 18:00:00,14.76,6.0,100.0,916187445.4823946,1
2024-04-22 00:00:00,14.76,6.0,100.0,916762725.4177718,1
2024-04-22 06:00:00,13.11,6.0,100.0,921071184.0,0
2024-04-22 12:00:00,13.07,6.0,100.0,923277855.0,0
2024-04-22 18:00:00,14.76,6.0,100.0,921542676.0,0
2024-04-23 00:00:00,14.49,6.0,100.0,910007182.0,0
2024-04-23 06:00:00,13.75,6.0,100.0,682412617.0,0
2024-04-23 12:00:00,13.37,6.0,100.0,923168479.0,0
2024-04-23 18:00:00,13.2,6.0,100.0,914783282.0,0
2024-04-24 00:00:00,14.76,6.0,100.0,919249369.2322974,1
2024-04-24 06:00:00,14.17,6.0,100.0,921385389.0,0
2024-04-24 12:00:00,73.32,6.0,100.0,588726321.0,0
2024-04-24 18:00:00,14.76,6.0,100.0,915583249.387032,1
2024-04-25 00:00:00,14.76,6.0,100.0,916936473.9528952,1
2024-04-25 06:00:00,14.76,6.0,100.0,920265770.2714567,1
2024-04-25 12:00:00,14.76,6.0,100.0,917321499.7835164,1
2024-04-25 18:00:00,14.76,6.0,100.0,917065374.7877494,1
2024-04-26 00:00:00,14.76,6.0,100.0,918422019.1696912,1
2024-04-26 06:00:00,33.4,7.5,3.0,909449192.5,0
2024-04-26 12:00:00,15.74,6.0,100.0,923742934.0,0
2024-04-26 18:00:00,18.82,6.0,100.0,922071299.0,0
2024-04-27 00:00:00,14.76,6.0,100.0,916117274.7514263,1
2024-04-27 06:00:00,14.76,6.0,100.0,916236583.8412617,1
2024-04-27 12:00:00,14.76,6.0,100.0,916561813.2323548,1
2024-04-27 18:00:00,14.76,6.0,100.0,916629893.9184953,1
2024-04-28 00:00:00,14.76,6.0,100.0,916666576.8541129,1
2024-04-28 06:00:00,14.76,6.0,100.0,916421960.7403601,1
2024-04-28 12:00:00,14.76,6.0,100.0,916713583.7062663,1
2024-04-28 18:00:00,14.76,6.0,100.0,916810211.7679335,1
2024-04-29 00:00:00,14.76,6.0,100.0,917575748.6443609,1
2024-04-29 06:00:00,14.76,6.0,100.0,917328899.2599036,1
2024-04-29 12:00:00,14.76,6.0,100.0,917176244.9059373,1
2024-04-29 18:00:00,62.46,11.0,1.0,919658317.0,0
2024-04-30 00:00:00,14.76,6.0,100.0,917095354.449548,1
2024-04-30 06:00:00,14.76,6.0,100.0,916806295.3213543,1
2024-04-30 12:00:00,31.83,9.0,3.0,920203601.0,0
2024-04-30 18:00:00,14.76,6.0,100.0,916980044.5990791,1
2024-05-01 00:00:00,14.76,6.0,100.0,916926676.0620809,1
2024-05-01 06:00:00,14.76,6.0,100.0,916995696.5670629,1
2024-05-01 12:00:00,22.74,9.5,100.0,923431064.0,0
2024-05-01 18:00:00,14.76,6.0,100.0,916416542.1813842,1
2024-05-02 00:00:00,13.77,6.0,100.0,923428269.0,0
2024-05-02 06:00:00,14.76,6.0,100.0,916237451.5945761,1
2024-05-02 12:00:00,24.97,6.0,100.0,591785789.0,0
2024-05-02 18:00:00,14.76,6.0,100.0,920597437.0,0
2024-05-03 00:00:00,13.47,6.0,100.0,914416004.0,0
2024-05-03 06:00:00,13.55,6.0,100.0,577386663.0,0
2024-05-03 12:00:00,14.76,6.0,100.0,913803671.3207128,1
2024-05-03 18:00:00,14.89,6.0,100.0,916829960.5,0
2024-05-04 00:00:00,14.76,6.0,100.0,917874710.561915,1
2024-05-04 06:00:00,13.5,6.0,100.0,921455696.0,0
2024-05-04 12:00:00,13.45,6.0,100.0,905493149.5,0
2024-05-04 18:00:00,11.58,6.0,100.0,922491285.0,0
2024-05-05 00:00:00,14.76,6.0,100.0,916299482.6741116,1
2024-05-05 06:00:00,14.76,6.0,100.0,916396323.4211298,1
2024-05-05 12:00:00,14.76,6.0,100.0,925107748.0,0
2024-05-05 18:00:00,14.76,6.0,100.0,914247637.5,0
2024-05-06 00:00:00,14.76,6.0,100.0,916991352.9645962,1
2024-05-06 06:00:00,13.5,6.0,100.0,922058560.5,0
2024-05-06 12:00:00,14.76,6.0,100.0,916382210.1591678,1
2024-05-06 18:00:00,14.58,6.0,100.0,917504091.0,0
2024-05-07 00:00:00,13.2,6.0,100.0,925736802.0,0
2024-05-07 06:00:00,13.53,6.0,100.0,911245282.0,0
2024-05-07 12:00:00,13.28,6.0,100.0,922097292.0,0
2024-05-07 18:00:00,12.52,6.0,100.0,916114989.0,0
2024-05-08 00:00:00,15.03,6.0,100.0,924787580.0,0
2024-05-08 06:00:00,15.13,6.0,100.0,924060048.0,0
2024-05-08 12:00:00,14.76,6.0,100.0,916164546.1503538,1
2024-05-08 18:00:00,12.91,6.0,100.0,897321559.0,0
2024-05-09 00:00:00,14.76,6.0,100.0,917675261.8235469,1
2024-05-09 06:00:00,12.06,6.0,100.0,916091258.0,0
2024-05-09 12:00:00,14.76,6.0,100.0,916842462.4473599,1
2024-05-09 18:00:00,14.39,6.0,100.0,924113078.0,0
2024-05-10 00:00:00,14.76,6.0,100.0,916447401.1877348,1
2024-05-10 06:00:00,13.36,6.0,100.0,918341070.0,0
2024-05-10 12:00:00,13.28,6.0,100.0,906479063.0,0
2024-05-10 18:00:00,14.76,6.0,100.0,916812518.1753794,1
2024-05-11 00:00:00,14.76,6.0,100.0,917093790.1314569,1
2024-05-11 06:00:00,12.87,6.0,100.0,921673451.0,0
2024-05-11 12:00:00,12.07,6.0,100.0,924580963.0,0
2024-05-11 18:00:00,12.92,6.0,100.0,923482591.0,0
2024-05-12 00:00:00,12.91,6.0,100.0,919281953.0,0
2024-05-12 06:00:00,12.88,6.0,100.0,910911589.0,0
2024-05-12 12:00:00,14.77,6.0,100.0,921359015.0,0
2024-05-12 18:00:00,14.34,6.0,100.0,913579116.5,0
2024-05-13 00:00:00,14.76,6.0,100.0,917304985.4638265,1
2024-05-13 06:00:00,13.18,6.0,100.0,901727800.0,0
2024-05-13 12:00:00,8.5,6.0,100.0,915934865.0,0
2024-05-13 18:00:00,17.38,6.0,100.0,922907350.0,0
2024-05-14 00:00:00,14.76,6.0,100.0,916858735.0258484,1
2024-05-14 06:00:00,20.04,6.0,100.0,910055713.5,0
2024-05-14 12:00:00,13.59,6.0,100.0,907785179.0,0
2024-05-14 18:00:00,14.97,6.0,100.0,921176226.0,0
2024-05-15 00:00:00,12.99,6.0,100.0,915097903.0,0
2024-05-15 06:00:00,14.76,6.0,100.0,916800817.6335461,1
2024-05-15 12:00:00,13.71,6.0,100.0,914640545.67,0
2024-05-15 18:00:00,13.11,6.0,100.0,921918252.0,0
2024-05-16 00:00:00,14.76,6.0,100.0,916803921.5423993,1
2024-05-16 06:00:00,16.93,6.0,100.0,924637414.0,0
2024-05-16 12:00:00,12.68,6.0,100.0,923431686.5,0
2024-05-16 18:00:00,13.14,6.0,100.0,921127804.0,0
2024-05-17 00:00:00,13.15,6.0,100.0,911528939.0,0
2024-05-17 06:00:00,13.58,6.0,100.0,905499163.0,0
2024-05-17 12:00:00,12.15,6.0,100.0,917556612.0,0
2024-05-17 18:00:00,13.76,6.0,100.0,925299694.0,0
2024-05-18 00:00:00,14.76,6.0,100.0,916121562.3981069,1
2024-05-18 06:00:00,14.76,6.0,100.0,916320862.2519283,1
2024-05-18 12:00:00,13.42,6.0,100.0,920256504.0,0
2024-05-18 18:00:00,13.67,6.0,100.0,916718347.0,0
2024-05-19 00:00:00,14.76,6.0,100.0,916533001.9454287,1
2024-05-19 06:00:00,13.6,6.0,100.0,920966649.0,0
2024-05-19 12:00:00,14.34,6.0,100.0,923274307.0,0
2024-05-19 18:00:00,13.18,6.0,100.0,925493076.0,0
2024-05-20 00:00:00,14.76,6.0,100.0,916500747.9091814,1
2024-05-20 06:00:00,14.76,6.0,100.0,916855589.0361487,1
2024-05-20 12:00:00,15.22,6.0,100.0,921438417.0,0
2024-05-20 18:00:00,13.81,6.0,100.0,913137982.0,0
2024-05-21 00:00:00,13.13,6.0,100.0,922492715.0,0
2024-05-21 06:00:00,13.57,6.0,100.0,922067288.0,0
2024-05-21 12:00:00,13.97,6.0,100.0,921699087.0,0
2024-05-21 18:00:00,12.74,6.0,100.0,915488736.0,0
2024-05-22 00:00:00,13.1,6.0,100.0,925685207.0,0
2024-05-22 06:00:00,14.76,6.0,100.0,916279330.2228158,1
2024-05-22 12:00:00,15.19,6.0,100.0,918083917.5,0
2024-05-22 18:00:00,16.7,6.0,100.0,909780064.0,0
2024-05-23 00:00:00,14.76,6.0,100.0,917161229.6018454,1
2024-05-23 06:00:00,13.26,6.0,100.0,918498064.5,0
2024-05-23 12:00:00,14.76,6.0,100.0,916673716.5078427,1
2024-05-23 18:00:00,13.86,6.0,100.0,903166010.0,0
2024-05-24 00:00:00,14.76,6.0,100.0,917743486.9320782,1
2024-05-24 06:00:00,14.76,6.0,100.0,917126542.5962163,1
2024-05-24 12:00:00,12.22,6.0,100.0,168191531.0,0
2024-05-24 18:00:00,14.71,6.0,100.0,924317895.0,0
2024-05-25 00:00:00,14.76,6.0,100.0,916100635.2382436,1
2024-05-25 06:00:00,14.76,6.0,100.0,923809554.7138059,1
2024-05-25 12:00:00,13.83,6.0,100.0,922461934.5,0
2024-05-25 18:00:00,13.46,6.0,100.0,904289591.0,0
2024-05-26 00:00:00,14.76,6.0,100.0,919646843.1683569,1
2024-05-26 06:00:00,14.76,6.0,100.0,916000157.1686758,1
2024-05-26 12:00:00,14.65,6.0,100.0,920739063.0,0
2024-05-26 18:00:00,14.73,6.0,100.0,922913580.0,0
2024-05-27 00:00:00,14.76,6.0,100.0,916227159.9235138,1
2024-05-27 06:00:00,14.76,6.0,100.0,916498368.3726941,1
2024-05-27 12:00:00,14.76,6.0,100.0,916725292.966287,1
2024-05-27 18:00:00,15.0,6.0,100.0,923482889.0,0
2024-05-28 00:00:00,15.28,6.0,100.0,924007296.0,0
2024-05-28 06:00:00,14.76,6.0,100.0,915870558.5097717,1
2024-05-28 12:00:00,13.73,6.0,100.0,909018351.0,0
2024-05-28 18:00:00,13.44,6.0,100.0,883531135.0,0
2024-05-29 00:00:00,14.76,6.0,100.0,916739965.9281111,1
2024-05-29 06:00:00,14.76,6.0,100.0,916041243.2359328,1
2024-05-29 12:00:00,14.76,6.0,100.0,916606191.9810522,1
2024-05-29 18:00:00,14.76,6.0,100.0,921309178.0,0
2024-05-30 00:00:00,14.76,6.0,100.0,916463323.8411983,1
2024-05-30 06:00:00,14.76,6.0,100.0,916389401.9798689,1
2024-05-30 12:00:00,15.29,6.0,100.0,917774764.5,0
2024-05-30 18:00:00,15.0,6.0,100.0,913048510.0,0
2024-05-31 00:00:00,13.37,6.0,100.0,914205556.0,0
2024-05-31 06:00:00,61.53,10.0,1.0,913522334.0,0
2024-05-31 12:00:00,19.39,8.0,3.0,905448454.0,0
2024-05-31 18:00:00,22.12,8.0,3.0,912838795.0,0
2024-06-01 00:00:00,14.76,6.0,100.0,916708329.9876828,1
2024-06-01 06:00:00,23.39,8.0,3.0,918172903.0,0
2024-06-01 12:00:00,15.47,6.0,100.0,919261795.0,0
2024-06-01 18:00:00,15.96,6.0,100.0,914780538.0,0
2024-06-02 00:00:00,14.76,6.0,100.0,916305285.8984038,1
2024-06-02 06:00:00,12.72,6.0,100.0,922856121.0,0
2024-06-02 12:00:00,12.63,6.0,100.0,914436717.0,0
2024-06-02 18:00:00,13.27,6.0,100.0,916215810.0,0
2024-06-03 00:00:00,14.76,6.0,100.0,917121916.9671024,1
2024-06-03 06:00:00,14.76,6.0,100.0,916612348.7598134,1
2024-06-03 12:00:00,13.98,6.0,100.0,914546504.0,0
2024-06-03 18:00:00,12.89,6.0,100.0,915044650.0,0
2024-06-04 00:00:00,14.76,6.0,100.0,916992675.4838809,1
2024-06-04 06:00:00,13.35,6.0,100.0,920934450.5,0
2024-06-04 12:00:00,12.67,6.0,100.0,920652489.0,0
2024-06-04 18:00:00,11.95,6.0,100.0,921386909.0,0
2024-06-05 00:00:00,14.76,6.0,100.0,916330338.6765256,1
2024-06-05 06:00:00,13.23,6.0,100.0,921020505.0,0
2024-06-05 12:00:00,14.26,6.0,100.0,918004967.0,0
2024-06-05 18:00:00,13.99,6.0,100.0,912391764.0,0
2024-06-06 00:00:00,14.76,6.0,100.0,916919730.8606454,1
2024-06-06 06:00:00,12.96,6.0,100.0,920597299.0,0
2024-06-06 12:00:00,43.9,8.5,3.0,552417333.5,0
2024-06-06 18:00:00,14.76,6.0,100.0,916683026.3370024,1
2024-06-07 00:00:00,14.76,6.0,100.0,916733492.1177168,1
2024-06-07 06:00:00,14.76,6.0,100.0,919922581.2520332,1
2024-06-07 12:00:00,14.28,6.0,100.0,921254799.5,0
2024-06-07 18:00:00,14.79,6.0,100.0,920234460.0,0
2024-06-08 00:00:00,14.76,6.0,100.0,918155039.9246973,1
2024-06-08 06:00:00,12.23,6.0,100.0,868013296.0,0
2024-06-08 12:00:00,14.76,6.0,100.0,916342396.6732829,1
2024-06-08 18:00:00,13.95,6.0,100.0,919801614.5,0
2024-06-09 00:00:00,14.76,6.0,100.0,916981878.7134889,1
2024-06-09 06:00:00,14.76,6.0,100.0,916191002.9088699,1
2024-06-09 12:00:00,14.76,6.0,100.0,916441722.5341532,1
2024-06-09 18:00:00,14.76,6.0,100.0,916621634.1615729,1
2024-06-10 00:00:00,14.76,6.0,100.0,917177567.1608902,1
2024-06-10 06:00:00,14.76,6.0,100.0,916765343.9247134,1
2024-06-10 12:00:00,14.76,6.0,100.0,917033897.9529418,1
2024-06-10 18:00:00,14.76,6.0,100.0,917156573.6327429,1
2024-06-11 00:00:00,14.76,6.0,100.0,917162149.3679105,1
2024-06-11 06:00:00,14.76,6.0,100.0,916937034.7584779,1
2024-06-11 12:00:00,14.76,6.0,100.0,916965102.7130584,1
2024-06-11 18:00:00,13.21,6.0,100.0,923505171.0,0
2024-06-12 00:00:00,14.76,6.0,100.0,916289709.4397168,1
2024-06-12 06:00:00,14.76,6.0,100.0,916341716.2091277,1
2024-06-12 12:00:00,14.59,6.0,100.0,786551410.5,0
2024-06-12 18:00:00,29.07,9.0,10.0,926968465.0,0
2024-06-13 00:00:00,14.76,6.0,100.0,915369114.1169655,1
2024-06-13 06:00:00,14.76,6.0,100.0,917080696.0149921,1
2024-06-13 12:00:00,16.47,6.0,100.0,916302948.0,0
2024-06-13 18:00:00,15.65,6.0,100.0,922853952.0,0
2024-06-14 00:00:00,14.76,6.0,100.0,916488647.8978913,1
2024-06-14 06:00:00,14.76,6.0,100.0,915953068.0083073,1
2024-06-14 12:00:00,14.76,6.0,100.0,916507155.206268,1
2024-06-14 18:00:00,14.76,6.0,100.0,916606529.9234858,1
2024-06-15 00:00:00,14.76,6.0,100.0,916678174.655739,1
2024-06-15 06:00:00,14.76,6.0,100.0,916406653.2229005,1
2024-06-15 12:00:00,14.76,6.0,100.0,916711423.4472055,1
2024-06-15 18:00:00,14.76,6.0,100.0,916772334.4381055,1
2024-06-16 00:00:00,14.76,6.0,100.0,916895089.5704563,1
2024-06-16 06:00:00,14.76,6.0,100.0,916586312.8046576,1
2024-06-16 12:00:00,14.76,6.0,100.0,916599028.4129481,1
2024-06-16 18:00:00,14.76,6.0,100.0,916700661.551904,1
2024-06-17 00:00:00,14.76,6.0,100.0,917398557.189372,1
2024-06-17 06:00:00,14.76,6.0,100.0,917053297.8038323,1
2024-06-17 12:00:00,14.76,6.0,100.0,917042919.0706723,1
2024-06-17 18:00:00,14.76,6.0,100.0,917233519.3374345,1
2024-06-18 00:00:00,14.76,6.0,100.0,917223859.8008031,1
2024-06-18 06:00:00,14.76,6.0,100.0,917011697.6592028,1
2024-06-18 12:00:00,14.76,6.0,100.0,917061190.0236797,1
2024-06-18 18:00:00,14.76,6.0,100.0,917163219.5069969,1
2024-06-19 00:00:00,14.76,6.0,100.0,917184207.0337837,1
2024-06-19 06:00:00,14.76,6.0,100.0,916958951.1423829,1
2024-06-19 12:00:00,14.76,6.0,100.0,916963344.500197,1
2024-06-19 18:00:00,14.76,6.0,100.0,917126558.6525946,1
2024-06-20 00:00:00,14.76,6.0,100.0,917188862.6923243,1
2024-06-20 06:00:00,14.76,6.0,100.0,916877024.3827314,1
2024-06-20 12:00:00,14.76,6.0,100.0,916866976.2289107,1
2024-06-20 18:00:00,14.76,6.0,100.0,917035117.031665,1
2024-06-21 00:00:00,14.76,6.0,100.0,917100270.5915929,1
2024-06-21 06:00:00,14.76,6.0,100.0,916839962.7126806,1
2024-06-21 12:00:00,14.76,6.0,100.0,916833007.2401416,1
2024-06-21 18:00:00,14.76,6.0,100.0,916976525.2870522,1
2024-06-22 00:00:00,14.76,6.0,100.0,917039749.1697439,1
2024-06-22 06:00:00,14.76,6.0,100.0,916811685.9273856,1
2024-06-22 12:00:00,14.76,6.0,100.0,916778486.1515975,1
2024-06-22 18:00:00,14.76,6.0,100.0,916900119.0900081,1
2024-06-23 00:00:00,14.76,6.0,100.0,916963244.5592127,1
2024-06-23 06:00:00,14.76,6.0,100.0,916726110.6528234,1
2024-06-23 12:00:00,14.76,6.0,100.0,916692501.6372381,1
2024-06-23 18:00:00,14.76,6.0,100.0,916802518.6836333,1
2024-06-24 00:00:00,14.76,6.0,100.0,917534317.2968115,1
2024-06-24 06:00:00,14.76,6.0,100.0,917193918.9303441,1
2024-06-24 12:00:00,14.76,6.0,100.0,917039482.456996,1
2024-06-24 18:00:00,14.76,6.0,100.0,917357607.0827155,1
2024-06-25 00:00:00,14.76,6.0,100.0,917340143.8110057,1
2024-06-25 06:00:00,14.76,6.0,100.0,917130980.9256767,1
2024-06-25 12:00:00,14.76,6.0,100.0,917165187.4551021,1
2024-06-25 18:00:00,14.76,6.0,100.0,917280282.9324032,1
2024-06-26 00:00:00,14.76,6.0,100.0,917297379.6909356,1
2024-06-26 06:00:00,14.76,6.0,100.0,917042010.0963173,1
2024-06-26 12:00:00,14.76,6.0,100.0,917056907.1848086,1
2024-06-26 18:00:00,14.76,6.0,100.0,917191703.625466,1
2024-06-27 00:00:00,14.76,6.0,100.0,917278339.8446258,1
2024-06-27 06:00:00,14.76,6.0,100.0,916970612.6982912,1
2024-06-27 12:00:00,14.76,6.0,100.0,917018672.3237573,1
2024-06-27 18:00:00,14.76,6.0,100.0,917133597.0021497,1
2024-06-28 00:00:00,14.76,6.0,100.0,917219445.0161442,1
2024-06-28 06:00:00,14.76,6.0,100.0,916886076.2996572,1
2024-06-28 12:00:00,14.76,6.0,100.0,916929900.774071,1
2024-06-28 18:00:00,14.76,6.0,100.0,917098310.3235396,1
2024-06-29 00:00:00,14.76,6.0,100.0,917144105.2630155,1
2024-06-29 06:00:00,14.76,6.0,100.0,916872554.4866344,1
2024-06-29 12:00:00,14.76,6.0,100.0,916855167.6260977,1
2024-06-29 18:00:00,14.76,6.0,100.0,917006566.4621636,1
2024-06-30 00:00:00,14.76,6.0,100.0,917073151.0099809,1
2024-06-30 06:00:00,14.76,6.0,100.0,916760480.9626285,1
2024-06-30 12:00:00,14.76,6.0,100.0,916779823.1528913,1
2024-06-30 18:00:00,14.76,6.0,100.0,916893855.713326,1
2024-07-01 00:00:00,14.76,6.0,100.0,917684693.567165,1
2024-07-01 06:00:00,14.76,6.0,100.0,917442652.5653028,1
2024-07-01 12:00:00,14.76,6.0,100.0,917281786.9628931,1
2024-07-01 18:00:00,14.76,6.0,100.0,917441859.2534595,1
2024-07-02 00:00:00,14.76,6.0,100.0,917604848.3528898,1
2024-07-02 06:00:00,14.76,6.0,100.0,917285580.826896,1
2024-07-02 12:00:00,14.76,6.0,100.0,917230553.2092692,1
2024-07-02 18:00:00,14.76,6.0,100.0,917522393.8194209,1
2024-07-03 00:00:00,14.76,6.0,100.0,917545061.2318677,1
2024-07-03 06:00:00,14.76,6.0,100.0,917188035.4792869,1
2024-07-03 12:00:00,14.76,6.0,100.0,917279805.5723718,1
2024-07-03 18:00:00,14.76,6.0,100.0,917260847.6176703,1
2024-07-04 00:00:00,14.76,6.0,100.0,917355346.8747376,1
2024-07-04 06:00:00,14.76,6.0,100.0,917067457.1551613,1
2024-07-04 12:00:00,14.76,6.0,100.0,917178830.0241737,1
2024-07-04 18:00:00,14.76,6.0,100.0,917301524.0241944,1
2024-07-05 00:00:00,14.76,6.0,100.0,917289406.3104368,1
2024-07-05 06:00:00,14.76,6.0,100.0,917027837.2718593,1
2024-07-05 12:00:00,14.76,6.0,100.0,917093335.4301786,1
2024-07-05 18:00:00,14.76,6.0,100.0,917216556.831025,1
2024-07-06 00:00:00,14.76,6.0,100.0,917302514.6807405,1
2024-07-06 06:00:00,14.76,6.0,100.0,916966560.3431602,1
2024-07-06 12:00:00,14.76,6.0,100.0,917007288.4710735,1
2024-07-06 18:00:00,14.76,6.0,100.0,917132159.4883885,1
2024-07-07 00:00:00,14.76,6.0,100.0,917243937.6022768,1
2024-07-07 06:00:00,14.76,6.0,100.0,916954849.2304367,1
2024-07-07 12:00:00,14.76,6.0,100.0,916942843.5308974,1
2024-07-07 18:00:00,14.76,6.0,100.0,917061964.109432,1
2024-07-08 00:00:00,14.76,6.0,100.0,917862592.6257187,1
2024-07-08 06:00:00,14.76,6.0,100.0,917544699.4398243,1
2024-07-08 12:00:00,14.76,6.0,100.0,917398338.4166906,1
2024-07-08 18:00:00,14.76,6.0,100.0,917559126.1057639,1
2024-07-09 00:00:00,14.76,6.0,100.0,917781599.3797342,1
2024-07-09 06:00:00,14.76,6.0,100.0,917389869.4603374,1
2024-07-09 12:00:00,14.76,6.0,100.0,917328921.762711,1
2024-07-09 18:00:00,14.76,6.0,100.0,917591173.8868078,1
2024-07-10 00:00:00,14.76,6.0,100.0,917664236.9560999,1
2024-07-10 06:00:00,11.89,6.0,100.0,923473218.0,0
2024-07-10 12:00:00,14.17,6.0,100.0,626672694.67,0
2024-07-10 18:00:00,14.76,6.0,100.0,918235779.1543065,1
2024-07-11 00:00:00,14.51,6.0,100.0,924009005.0,0
2024-07-11 06:00:00,11.99,6.0,100.0,920098021.0,0
2024-07-11 12:00:00,12.78,6.0,100.0,919288443.5,0
2024-07-11 18:00:00,12.78,6.0,100.0,923169864.0,0
2024-07-12 00:00:00,13.55,6.0,100.0,913224857.0,0
2024-07-12 06:00:00,11.93,6.0,100.0,923220124.0,0
2024-07-12 12:00:00,14.76,6.0,100.0,916307778.070513,1
2024-07-12 18:00:00,11.68,6.0,100.0,922880005.0,0
2024-07-13 00:00:00,14.76,6.0,100.0,916616324.2175051,1
2024-07-13 06:00:00,11.87,6.0,100.0,925624354.0,0
2024-07-13 12:00:00,14.76,6.0,100.0,915874154.0167592,1
2024-07-13 18:00:00,14.76,6.0,100.0,916434074.5993813,1
2024-07-14 00:00:00,14.76,6.0,100.0,917016065.0590351,1
2024-07-14 06:00:00,14.76,6.0,100.0,916656936.112631,1
2024-07-14 12:00:00,14.76,6.0,100.0,916556524.9958165,1
2024-07-14 18:00:00,14.76,6.0,100.0,916635779.7278725,1
2024-07-15 00:00:00,14.76,6.0,100.0,917836322.7706274,1
2024-07-15 06:00:00,14.76,6.0,100.0,917403223.3419011,1
2024-07-15 12:00:00,14.76,6.0,100.0,917230010.3551008,1
2024-07-15 18:00:00,14.76,6.0,100.0,917582152.7196308,1
2024-07-16 00:00:00,14.76,6.0,100.0,917566499.5872612,1
2024-07-16 06:00:00,14.76,6.0,100.0,917475596.1031924,1
2024-07-16 12:00:00,14.76,6.0,100.0,917396999.370172,1
2024-07-16 18:00:00,14.76,6.0,100.0,917671485.8323107,1
2024-07-17 00:00:00,14.76,6.0,100.0,917718556.7776152,1
2024-07-17 06:00:00,14.76,6.0,100.0,917370177.537207,1
2024-07-17 12:00:00,14.76,6.0,100.0,917266989.6718173,1
2024-07-17 18:00:00,14.76,6.0,100.0,917669015.1281497,1
2024-07-18 00:00:00,14.76,6.0,100.0,917632643.2402047,1
2024-07-18 06:00:00,14.76,6.0,100.0,917258860.6262394,1
2024-07-18 12:00:00,14.76,6.0,100.0,917342785.2689676,1
2024-07-18 18:00:00,14.76,6.0,100.0,917480393.3527875,1
2024-07-19 00:00:00,14.76,6.0,100.0,917537805.1533966,1
2024-07-19 06:00:00,14.76,6.0,100.0,917275424.0345209,1
2024-07-19 12:00:00,14.76,6.0,100.0,917314123.289285,1
2024-07-19 18:00:00,14.76,6.0,100.0,917308716.630801,1
2024-07-20 00:00:00,14.76,6.0,100.0,917395366.6002457,1
2024-07-20 06:00:00,14.76,6.0,100.0,917116876.0481005,1
2024-07-20 12:00:00,14.76,6.0,100.0,917179314.2895768,1
2024-07-20 18:00:00,14.76,6.0,100.0,539075917.0,0
2024-07-21 00:00:00,14.76,6.0,100.0,850449053.0,0
2024-07-21 06:00:00,14.76,6.0,100.0,863196526.0,0
2024-07-21 12:00:00,14.76,6.0,100.0,865495755.0,0
2024-07-21 18:00:00,14.76,6.0,100.0,926416201.0,0
2024-07-22 00:00:00,14.76,6.0,100.0,921857178.5,0
2024-07-22 06:00:00,14.76,6.0,100.0,912473207.0,0
2024-07-22 12:00:00,14.76,6.0,100.0,916071043.7857635,1
2024-07-22 18:00:00,14.76,6.0,100.0,917063751.3868995,1
2024-07-23 00:00:00,14.76,6.0,100.0,923504482.5,0
2024-07-23 06:00:00,14.76,6.0,100.0,922074564.0,0
2024-07-23 12:00:00,14.76,6.0,100.0,922426403.0,0
2024-07-23 18:00:00,14.76,6.0,100.0,922273683.0,0
2024-07-24 00:00:00,14.76,6.0,100.0,920044118.0,0
2024-07-24 06:00:00,14.76,6.0,100.0,924203813.0,0
2024-07-24 12:00:00,14.76,6.0,100.0,916614356.9431908,1
2024-07-24 18:00:00,14.76,6.0,100.0,924163474.0,0
2024-07-25 00:00:00,14.76,6.0,100.0,924013370.5,0
2024-07-25 06:00:00,14.76,6.0,100.0,921231129.0,0
2024-07-25 12:00:00,14.76,6.0,100.0,924198226.5,0
2024-07-25 18:00:00,14.76,6.0,100.0,922450308.0,0
2024-07-26 00:00:00,14.76,6.0,100.0,916650492.6273972,1
2024-07-26 06:00:00,14.76,6.0,100.0,909692755.5,0
2024-07-26 12:00:00,14.76,6.0,100.0,914043927.0,0
2024-07-26 18:00:00,14.76,6.0,100.0,923220724.0,0
2024-07-27 00:00:00,14.76,6.0,100.0,909119419.0,0
2024-07-27 06:00:00,14.76,6.0,100.0,912890128.0,0
2024-07-27 12:00:00,14.76,6.0,100.0,923169956.0,0
2024-07-27 18:00:00,14.76,6.0,100.0,926480488.0,0
2024-07-28 00:00:00,14.76,6.0,100.0,923413145.33,0
2024-07-28 06:00:00,14.76,6.0,100.0,923537606.0,0
2024-07-28 12:00:00,14.76,6.0,100.0,907526899.0,0
2024-07-28 18:00:00,14.76,6.0,100.0,924165921.67,0
2024-07-29 00:00:00,14.76,6.0,100.0,924347183.5,0
2024-07-29 06:00:00,14.76,6.0,100.0,916892394.9526502,1
2024-07-29 12:00:00,14.76,6.0,100.0,908160263.5,0
2024-07-29 18:00:00,14.76,6.0,100.0,925791083.0,0
2024-07-30 00:00:00,14.76,6.0,100.0,923403325.5,0
2024-07-30 06:00:00,14.76,6.0,100.0,925632963.0,0
2024-07-30 12:00:00,14.76,6.0,100.0,916323829.543075,1
2024-07-30 18:00:00,14.76,6.0,100.0,924011223.0,0
2024-07-31 00:00:00,14.76,6.0,100.0,915144265.0,0
2024-07-31 06:00:00,14.76,6.0,100.0,922591300.0,0
2024-07-31 12:00:00,14.76,6.0,100.0,916606515.6003628,1
2024-07-31 18:00:00,14.76,6.0,100.0,915092341.5,0
2024-08-01 00:00:00,14.76,6.0,100.0,906072890.0,0
2024-08-01 06:00:00,14.76,6.0,100.0,920934634.0,0
2024-08-01 12:00:00,14.76,6.0,100.0,917043022.7886313,1
2024-08-01 18:00:00,14.76,6.0,100.0,925523894.0,0
2024-08-02 00:00:00,14.76,6.0,100.0,923938343.67,0
2024-08-02 06:00:00,14.76,6.0,100.0,912681554.0,0
2024-08-02 12:00:00,14.76,6.0,100.0,920962873.0,0
2024-08-02 18:00:00,14.76,6.0,100.0,921106346.33,0
2024-08-03 00:00:00,14.76,6.0,100.0,916871599.0123413,1
2024-08-03 06:00:00,14.76,6.0,100.0,923230556.5,0
2024-08-03 12:00:00,14.76,6.0,100.0,919891555.0,0
2024-08-03 18:00:00,14.76,6.0,100.0,926364467.0,0
2024-08-04 00:00:00,14.76,6.0,100.0,925976135.5,0
2024-08-04 06:00:00,14.76,6.0,100.0,923823447.5,0
2024-08-04 12:00:00,14.76,6.0,100.0,925372252.0,0
2024-08-04 18:00:00,14.76,8.0,3.0,825178092.5,0
2024-08-05 00:00:00,14.76,6.0,100.0,925346524.0,0
2024-08-05 06:00:00,14.76,6.0,100.0,911906703.0,0
2024-08-05 12:00:00,14.76,6.0,100.0,919655328.0,0
2024-08-05 18:00:00,14.76,6.0,100.0,921642630.0,0
2024-08-06 00:00:00,14.76,6.0,100.0,923325489.0,0
2024-08-06 06:00:00,14.76,6.0,100.0,925314456.0,0
2024-08-06 12:00:00,14.76,6.0,100.0,631638337.5,0
2024-08-06 18:00:00,14.76,6.0,100.0,384197577.0,0
2024-08-07 00:00:00,14.76,6.0,100.0,382101724.0,0
2024-08-07 06:00:00,14.76,6.0,100.0,894607593.176558,1
2024-08-07 12:00:00,14.76,6.0,100.0,919184019.0,0
2024-08-07 18:00:00,14.76,6.0,100.0,925108858.0,0
2024-08-08 00:00:00,14.76,6.0,100.0,914932026.0,0
2024-08-08 06:00:00,14.76,6.0,100.0,923795060.0,0
2024-08-08 12:00:00,14.76,6.0,100.0,918449975.0966842,1
2024-08-08 18:00:00,14.76,6.0,100.0,922014720.0,0
2024-08-09 00:00:00,14.76,6.0,100.0,913050199.0,0
2024-08-09 06:00:00,14.76,6.0,100.0,923010546.0,0
2024-08-09 12:00:00,14.76,6.0,100.0,916061197.0220623,1
2024-08-09 18:00:00,14.76,6.0,100.0,923717343.5,0
2024-08-10 00:00:00,14.76,6.0,100.0,924834365.0,0
2024-08-10 06:00:00,14.76,6.0,100.0,916051211.7365947,1
2024-08-10 12:00:00,14.76,6.0,100.0,907020190.0,0
2024-08-10 18:00:00,14.76,6.0,100.0,919629760.5,0
2024-08-11 00:00:00,14.76,6.0,100.0,916708642.1442707,1
2024-08-11 06:00:00,14.76,6.0,100.0,924166015.0,0
2024-08-11 12:00:00,14.76,6.0,100.0,915920246.7513311,1
2024-08-11 18:00:00,14.76,6.0,100.0,924573119.0,0
2024-08-12 00:00:00,14.76,6.0,100.0,924444436.33,0
2024-08-12 06:00:00,14.76,6.0,100.0,916534075.9988496,1
2024-08-12 12:00:00,14.76,6.0,100.0,916840817.8355799,1
2024-08-12 18:00:00,14.76,8.0,10.0,921074776.0,0
2024-08-13 00:00:00,14.76,6.0,100.0,917120077.134605,1
2024-08-13 06:00:00,14.76,6.0,100.0,924657849.0,0
2024-08-13 12:00:00,14.76,6.0,100.0,923183219.0,0
2024-08-13 18:00:00,14.76,6.0,100.0,916351280.9730192,1
2024-08-14 00:00:00,14.76,6.0,100.0,916953854.616727,1
2024-08-14 06:00:00,14.76,6.0,100.0,924163058.0,0
2024-08-14 12:00:00,14.76,6.0,100.0,619110209.0,0
2024-08-14 18:00:00,14.76,6.0,100.0,924799094.0,0
2024-08-15 00:00:00,14.76,6.0,100.0,925185513.5,0
2024-08-15 06:00:00,14.76,6.0,100.0,918227581.0,0
2024-08-15 12:00:00,14.76,6.0,100.0,917168363.0906725,1
2024-08-15 18:00:00,14.76,6.0,100.0,917495640.8436394,1
2024-08-16 00:00:00,14.76,6.0,100.0,918374603.8083475,1
2024-08-16 06:00:00,14.76,6.0,100.0,916598840.7724808,1
2024-08-16 12:00:00,14.76,6.0,100.0,916431934.7913702,1
2024-08-16 18:00:00,14.76,6.0,100.0,917093615.4449047,1
2024-08-17 00:00:00,14.76,6.0,100.0,917110585.1581454,1
2024-08-17 06:00:00,14.76,6.0,100.0,916865667.3007531,1
2024-08-17 12:00:00,14.76,6.0,100.0,916837952.822399,1
2024-08-17 18:00:00,14.76,6.0,100.0,917102313.4590628,1
2024-08-18 00:00:00,14.76,6.0,100.0,917193874.415308,1
2024-08-18 06:00:00,14.76,6.0,100.0,916873855.2728832,1
2024-08-18 12:00:00,14.76,6.0,100.0,916893946.9289384,1
2024-08-18 18:00:00,14.76,6.0,100.0,916984553.2711028,1
2024-08-19 00:00:00,14.76,6.0,100.0,917695589.0008103,1
2024-08-19 06:00:00,14.76,6.0,100.0,917515232.7928845,1
2024-08-19 12:00:00,14.76,6.0,100.0,922695558.0,0
2024-08-19 18:00:00,14.76,6.0,100.0,916621097.6392608,1
2024-08-20 00:00:00,14.76,6.0,100.0,922483029.0,0
2024-08-20 06:00:00,14.76,6.0,100.0,918500514.0,0
2024-08-20 12:00:00,14.76,6.0,100.0,917665933.5,0
2024-08-20 18:00:00,14.76,6.0,100.0,916997369.6949179,1
2024-08-21 00:00:00,14.76,6.0,100.0,917559046.0,0
2024-08-21 06:00:00,14.76,6.0,100.0,916930629.0,0
2024-08-21 12:00:00,14.76,6.0,100.0,881696275.0,0
2024-08-21 18:00:00,14.76,6.0,100.0,924521464.0,0
2024-08-22 00:00:00,14.76,6.0,100.0,926523050.0,0
2024-08-22 06:00:00,14.76,6.0,100.0,916176456.0871648,1
2024-08-22 12:00:00,14.76,6.0,100.0,916238286.6237687,1
2024-08-22 18:00:00,14.76,6.0,100.0,918503361.0,0
2024-08-23 00:00:00,14.76,6.0,100.0,912838703.0,0
2024-08-23 06:00:00,14.76,6.0,100.0,918450106.0,0
2024-08-23 12:00:00,14.76,6.0,100.0,916415110.5830307,1
2024-08-23 18:00:00,14.76,6.0,100.0,917088718.5,0
2024-08-24 00:00:00,14.76,6.0,100.0,921176870.5,0
2024-08-24 06:00:00,14.76,6.0,100.0,924842552.0,0
2024-08-24 12:00:00,14.76,6.0,100.0,916094056.0,0
2024-08-24 18:00:00,14.76,6.0,100.0,919358872.67,0
2024-08-25 00:00:00,14.76,6.0,100.0,922171684.0,0
2024-08-25 06:00:00,14.76,6.0,100.0,915414340.0,0
2024-08-25 12:00:00,14.76,6.0,100.0,916285887.1494879,1
2024-08-25 18:00:00,14.76,6.0,100.0,914003466.5,0
2024-08-26 00:00:00,14.76,6.0,100.0,901986653.0,0
2024-08-26 06:00:00,14.76,6.0,100.0,917771701.3253872,1
2024-08-26 12:00:00,14.76,6.0,100.0,917166440.7714467,1
2024-08-26 18:00:00,14.76,6.0,100.0,911354428.0,0
2024-08-27 00:00:00,14.76,6.0,100.0,917581216.7952703,1
2024-08-27 06:00:00,14.76,6.0,100.0,917345471.0331327,1
2024-08-27 12:00:00,14.76,6.0,100.0,922382461.0,0
2024-08-27 18:00:00,14.76,6.0,100.0,923744366.0,0
2024-08-28 00:00:00,14.76,6.0,100.0,916617317.7861716,1
2024-08-28 06:00:00,14.76,6.0,100.0,897162881.0,0
2024-08-28 12:00:00,14.76,6.0,100.0,917592829.0659167,1
2024-08-28 18:00:00,14.76,6.0,100.0,923746299.5,0
2024-08-29 00:00:00,14.76,6.0,100.0,924788671.0,0
2024-08-29 06:00:00,14.76,6.0,100.0,918448774.0,0
2024-08-29 12:00:00,14.76,6.0,100.0,913677702.0,0
2024-08-29 18:00:00,14.76,6.0,100.0,916968956.0967635,1
2024-08-30 00:00:00,14.76,6.0,100.0,917187616.5569909,1
2024-08-30 06:00:00,14.76,6.0,100.0,916895806.0458789,1
2024-08-30 12:00:00,14.76,6.0,100.0,916724227.9971217,1
2024-08-30 18:00:00,14.76,6.0,100.0,917176120.5241138,1
2024-08-31 00:00:00,14.76,6.0,100.0,917144036.7030901,1
2024-08-31 06:00:00,14.76,6.0,100.0,917086009.500169,1
2024-08-31 12:00:00,14.76,6.0,100.0,917031744.8112494,1
2024-08-31 18:00:00,14.76,6.0,100.0,917168110.5214891,1
2024-09-01 00:00:00,14.76,6.0,100.0,917301582.2012049,1
2024-09-01 06:00:00,14.76,6.0,100.0,917008539.8011795,1
2024-09-01 12:00:00,14.76,6.0,100.0,916995359.3471352,1
2024-09-01 18:00:00,14.76,6.0,100.0,917078081.5718266,1
2024-09-02 00:00:00,14.76,6.0,100.0,917846959.4526137,1
2024-09-02 06:00:00,14.76,6.0,100.0,917617154.2054708,1
2024-09-02 12:00:00,14.76,6.0,100.0,917452352.6889806,1
2024-09-02 18:00:00,14.76,8.0,3.0,876242797.0,0
2024-09-03 00:00:00,14.76,8.0,10.0,917860195.5,0
2024-09-03 06:00:00,14.76,6.0,100.0,916895868.6241013,1
2024-09-03 12:00:00,14.76,6.0,100.0,917711682.5589315,1
2024-09-03 18:00:00,14.76,8.0,3.0,907729107.5,0
2024-09-04 00:00:00,14.76,8.0,10.0,914938648.0,0
2024-09-04 06:00:00,14.76,6.0,100.0,917572324.6977115,1
2024-09-04 12:00:00,14.76,6.0,100.0,923902345.5,0
2024-09-04 18:00:00,14.76,6.0,100.0,916597486.545268,1
2024-09-05 00:00:00,14.76,6.0,100.0,924213276.0,0
2024-09-05 06:00:00,14.76,6.0,100.0,923952786.0,0
2024-09-05 12:00:00,14.76,6.0,100.0,916375545.2676815,1
2024-09-05 18:00:00,14.76,6.0,100.0,916921268.6556208,1
2024-09-06 00:00:00,14.76,6.0,100.0,921167356.0,0
2024-09-06 06:00:00,14.76,6.0,100.0,921017650.0,0
2024-09-06 12:00:00,14.76,6.0,100.0,916545572.57373,1
2024-09-06 18:00:00,14.76,6.0,100.0,924006233.0,0
2024-09-07 00:00:00,14.76,6.0,100.0,916674882.5,0
2024-09-07 06:00:00,14.76,6.0,100.0,922434479.33,0
2024-09-07 12:00:00,14.76,6.0,100.0,921491215.0,0
2024-09-07 18:00:00,14.76,6.0,100.0,913888872.5,0
2024-09-08 00:00:00,14.76,6.0,100.0,924529690.0,0
2024-09-08 06:00:00,14.76,6.0,100.0,918606731.5,0
2024-09-08 12:00:00,14.76,11.0,1.0,593757537.5,0
2024-09-08 18:00:00,14.76,11.0,1.0,765643100.67,0
2024-09-09 00:00:00,14.76,11.0,1.0,720581535.0,0
2024-09-09 06:00:00,14.76,11.0,1.0,633132531.0,0
2024-09-09 12:00:00,14.76,6.0,100.0,907698054.1494142,1
2024-09-09 18:00:00,14.76,6.0,100.0,910644706.0319829,1
2024-09-10 00:00:00,14.76,6.0,100.0,914359722.4208266,1
2024-09-10 06:00:00,14.76,6.0,100.0,914181265.8230766,1
2024-09-10 12:00:00,14.76,9.0,3.0,911628692.0,0
2024-09-10 18:00:00,14.76,6.0,100.0,917343373.0,0
2024-09-11 00:00:00,14.76,6.0,100.0,914992678.0,0
2024-09-11 06:00:00,14.76,6.0,100.0,906864898.0,0
2024-09-11 12:00:00,14.76,6.0,100.0,913081735.0,0
2024-09-11 18:00:00,14.76,6.0,100.0,873535558.0,0
2024-09-12 00:00:00,14.76,8.0,3.0,914622931.0,0
2024-09-12 06:00:00,14.76,6.0,100.0,905466840.0,0
2024-09-12 12:00:00,14.76,6.0,100.0,920442060.0,0
2024-09-12 18:00:00,14.76,6.0,100.0,924795626.0,0
2024-09-13 00:00:00,14.76,6.0,100.0,923270871.5,0
2024-09-13 06:00:00,14.76,6.0,100.0,908849158.0,0
2024-09-13 12:00:00,14.76,6.0,100.0,916667090.1770463,1
2024-09-13 18:00:00,14.76,12.0,1.0,883686739.0,0
2024-09-14 00:00:00,14.76,8.0,3.0,888619673.5,0
2024-09-14 06:00:00,14.76,9.0,3.0,896273428.0,0
2024-09-14 12:00:00,14.76,6.0,100.0,777207690.5,0
2024-09-14 18:00:00,14.76,6.0,100.0,913205888.0,0
2024-09-15 00:00:00,14.76,9.0,3.0,923745198.0,0
2024-09-15 06:00:00,14.76,6.0,100.0,903848200.5,0
2024-09-15 12:00:00,14.76,6.0,100.0,916440611.8636847,1
2024-09-15 18:00:00,14.76,29.0,100.0,922065515.0,0
2024-09-16 00:00:00,14.76,6.0,100.0,923744920.0,0
2024-09-16 06:00:00,14.76,6.0,100.0,902459227.0,0
2024-09-16 12:00:00,14.76,6.0,100.0,643458630.0,0
2024-09-16 18:00:00,14.76,9.0,3.0,924217173.0,0
2024-09-17 00:00:00,14.76,6.0,100.0,684038450.0,0
2024-09-17 06:00:00,14.76,12.0,1.0,381026685.0,0
2024-09-17 12:00:00,14.76,6.0,100.0,900711396.5795109,1
2024-09-17 18:00:00,14.76,12.0,1.0,885578048.0,0
2024-09-18 00:00:00,14.76,9.0,3.0,703911990.0,0
2024-09-18 06:00:00,14.76,6.0,100.0,912621185.6579949,1
2024-09-18 12:00:00,14.76,6.0,100.0,912645476.2005125,1
2024-09-18 18:00:00,14.76,6.0,100.0,918423127.4877136,1
2024-09-19 00:00:00,14.76,6.0,100.0,917382632.2225578,1
2024-09-19 06:00:00,14.76,6.0,100.0,917209731.1297069,1
2024-09-19 12:00:00,14.76,11.0,1.0,662899281.67,0
2024-09-19 18:00:00,14.76,6.0,100.0,918673751.5072036,1
2024-09-20 00:00:00,14.76,6.0,100.0,917039840.9786305,1
2024-09-20 06:00:00,14.76,6.0,100.0,922854875.0,0
2024-09-20 12:00:00,14.76,6.0,100.0,916980395.7842773,1
2024-09-20 18:00:00,14.76,6.0,100.0,924424647.0,0
2024-09-21 00:00:00,14.76,6.0,100.0,917894817.3114041,1
2024-09-21 06:00:00,14.76,6.0,100.0,921597495.5,0
2024-09-21 12:00:00,14.76,6.0,100.0,916521241.1807934,1
2024-09-21 18:00:00,14.76,6.0,100.0,922463107.5,0
2024-09-22 00:00:00,14.76,6.0,100.0,909748176.0,0
2024-09-22 06:00:00,14.76,6.0,100.0,916625166.0214932,1
2024-09-22 12:00:00,14.76,6.0,100.0,923709321.33,0
2024-09-22 18:00:00,14.76,6.0,100.0,924009236.0,0
2024-09-23 00:00:00,14.76,6.0,100.0,908813389.0,0
2024-09-23 06:00:00,14.76,6.0,100.0,924217890.0,0
2024-09-23 12:00:00,14.76,6.0,100.0,709519198.0,0
2024-09-23 18:00:00,14.76,6.0,100.0,918519462.1922402,1
2024-09-24 00:00:00,14.76,6.0,100.0,917173920.2627811,1
2024-09-24 06:00:00,14.76,6.0,100.0,919356540.0880142,1
2024-09-24 12:00:00,14.76,6.0,100.0,917452145.7938775,1
2024-09-24 18:00:00,14.76,6.0,100.0,661575508.0,0
2024-09-25 00:00:00,14.76,6.0,100.0,919384357.0,0
2024-09-25 06:00:00,14.76,6.0,100.0,900098763.0,0
2024-09-25 12:00:00,14.76,6.0,100.0,917033974.0,0
2024-09-25 18:00:00,14.76,6.0,100.0,839080473.0,0
2024-09-26 00:00:00,14.76,6.0,100.0,923483884.0,0
2024-09-26 06:00:00,14.76,6.0,100.0,922279632.0,0
2024-09-26 12:00:00,14.76,6.0,100.0,907020915.0,0
2024-09-26 18:00:00,14.76,6.0,100.0,923270752.0,0
2024-09-27 00:00:00,14.76,6.0,100.0,916972978.7651185,1
2024-09-27 06:00:00,14.76,6.0,100.0,917269755.8110634,1
2024-09-27 12:00:00,14.76,6.0,100.0,900362933.0,0
2024-09-27 18:00:00,14.76,6.0,100.0,912528556.0,0
2024-09-28 00:00:00,14.76,6.0,100.0,923797118.0,0
2024-09-28 06:00:00,14.76,6.0,100.0,924087179.0,0
2024-09-28 12:00:00,14.76,6.0,100.0,916290203.9170176,1
2024-09-28 18:00:00,14.76,6.0,100.0,923010454.0,0
2024-09-29 00:00:00,14.76,6.0,100.0,911998756.5,0
2024-09-29 06:00:00,14.76,6.0,100.0,898001788.0,0
2024-09-29 12:00:00,14.76,6.0,100.0,917412067.771878,1
2024-09-29 18:00:00,14.76,6.0,100.0,923481945.5,0
2024-09-30 00:00:00,14.76,6.0,100.0,924842829.0,0
2024-09-30 06:00:00,14.76,6.0,100.0,923718221.0,0
2024-09-30 12:00:00,14.76,6.0,100.0,916680638.2288581,1
2024-09-30 18:00:00,14.76,6.0,100.0,920701834.0,0
2024-10-01 00:00:00,14.76,6.0,100.0,902512115.0,0
2024-10-01 06:00:00,14.76,6.0,100.0,917457728.1674029,1
2024-10-01 12:00:00,14.76,6.0,100.0,917359086.7127064,1
2024-10-01 18:00:00,14.76,6.0,100.0,917597200.0548494,1
2024-10-02 00:00:00,14.76,6.0,100.0,916076308.5,0
2024-10-02 06:00:00,14.76,6.0,100.0,917464370.1807903,1
2024-10-02 12:00:00,14.76,6.0,100.0,922474840.0,0
2024-10-02 18:00:00,14.76,6.0,100.0,924374113.0,0
2024-10-03 00:00:00,14.76,6.0,100.0,924685959.0,0
2024-10-03 06:00:00,14.76,6.0,100.0,908241518.0,0
2024-10-03 12:00:00,14.76,6.0,100.0,848707484.0,0
2024-10-03 18:00:00,14.76,6.0,100.0,923952280.0,0
2024-10-04 00:00:00,14.76,6.0,100.0,923744505.0,0
2024-10-04 06:00:00,14.76,6.0,100.0,922693528.0,0
2024-10-04 12:00:00,14.76,6.0,100.0,917244149.0,0
2024-10-04 18:00:00,14.76,6.0,100.0,915387602.0,0
2024-10-05 00:00:00,14.76,6.0,100.0,917817702.2464318,1
2024-10-05 06:00:00,14.76,6.0,100.0,914609260.5,0
2024-10-05 12:00:00,14.76,6.0,100.0,906199059.0,0
2024-10-05 18:00:00,14.76,6.0,100.0,923949530.0,0
2024-10-06 00:00:00,14.76,6.0,100.0,923532388.0,0
2024-10-06 06:00:00,14.76,6.0,100.0,909859077.0,0
2024-10-06 12:00:00,14.76,6.0,100.0,924736169.0,0
2024-10-06 18:00:00,14.76,6.0,100.0,916479701.6247154,1
2024-10-07 00:00:00,14.76,6.0,100.0,922225953.5,0
2024-10-07 06:00:00,14.76,6.0,100.0,917978108.0,0
2024-10-07 12:00:00,14.76,6.0,100.0,917171170.0395073,1
2024-10-07 18:00:00,14.76,6.0,100.0,781989406.5,0
2024-10-08 00:00:00,14.76,6.0,100.0,892077682.0,0
2024-10-08 06:00:00,14.76,6.0,100.0,917127487.2362995,1
2024-10-08 12:00:00,14.76,6.0,100.0,698184986.5,0
2024-10-08 18:00:00,14.76,6.0,100.0,902939151.0,0
2024-10-09 00:00:00,14.76,6.0,100.0,922143599.5,0
2024-10-09 06:00:00,14.76,6.0,100.0,917665510.164879,1
2024-10-09 12:00:00,14.76,6.0,100.0,917382311.5,0
2024-10-09 18:00:00,14.76,6.0,100.0,920859995.0,0
2024-10-10 00:00:00,14.76,6.0,100.0,923297528.0,0
2024-10-10 06:00:00,14.76,6.0,100.0,906144793.0,0
2024-10-10 12:00:00,14.76,6.0,100.0,477259652.0,0
2024-10-10 18:00:00,14.76,6.0,100.0,915928155.245521,1
2024-10-11 00:00:00,14.76,6.0,100.0,925108303.0,0
2024-10-11 06:00:00,14.76,9.0,3.0,923268398.0,0
2024-10-11 12:00:00,14.76,6.0,100.0,917301500.4082985,1
2024-10-11 18:00:00,14.76,6.0,100.0,917831626.597335,1
2024-10-12 00:00:00,14.76,6.0,100.0,917944700.0,0
2024-10-12 06:00:00,14.76,6.0,100.0,916248915.0,0
2024-10-12 12:00:00,14.76,6.0,100.0,923691243.5,0
2024-10-12 18:00:00,14.76,6.0,100.0,817111427.0,0
2024-10-13 00:00:00,14.76,6.0,100.0,925836403.5,0
2024-10-13 06:00:00,14.76,6.0,100.0,923901884.0,0
2024-10-13 12:00:00,14.76,6.0,100.0,919012215.5,0
2024-10-13 18:00:00,14.76,6.0,100.0,918755630.0,0
2024-10-14 00:00:00,14.76,6.0,100.0,905015583.0,0
2024-10-14 06:00:00,14.76,6.0,100.0,918064810.1094989,1
2024-10-14 12:00:00,14.76,6.0,100.0,917470301.2360256,1
2024-10-14 18:00:00,14.76,6.0,100.0,922379693.0,0
2024-10-15 00:00:00,14.76,6.0,100.0,909884516.0,0
2024-10-15 06:00:00,14.76,6.0,100.0,917254499.976709,1
2024-10-15 12:00:00,14.76,6.0,100.0,917615064.3347977,1
2024-10-15 18:00:00,14.76,6.0,100.0,920599600.0,0
2024-10-16 00:00:00,14.76,6.0,100.0,923952003.0,0
2024-10-16 06:00:00,14.76,6.0,100.0,916748428.8707564,1
2024-10-16 12:00:00,14.76,6.0,100.0,920189718.5,0
2024-10-16 18:00:00,14.76,6.0,100.0,924586372.0,0
2024-10-17 00:00:00,14.76,6.0,100.0,916918534.1414653,1
2024-10-17 06:00:00,14.76,6.0,100.0,920041583.0,0
2024-10-17 12:00:00,14.76,6.0,100.0,910928329.0,0
2024-10-17 18:00:00,14.76,6.0,100.0,921144933.0,0
2024-10-18 00:00:00,14.76,6.0,100.0,918507357.0,0
2024-10-18 06:00:00,14.76,6.0,100.0,923795640.0,0
2024-10-18 12:00:00,14.76,6.0,100.0,920100338.0,0
2024-10-18 18:00:00,14.76,6.0,100.0,916992414.6768641,1
2024-10-19 00:00:00,14.76,6.0,100.0,917200244.2125539,1
2024-10-19 06:00:00,14.76,6.0,100.0,917201044.1152238,1
2024-10-19 12:00:00,14.76,6.0,100.0,917064041.010193,1
2024-10-19 18:00:00,14.76,6.0,100.0,920072339.5,0
2024-10-20 00:00:00,14.76,6.0,100.0,917236418.3867748,1
2024-10-20 06:00:00,14.76,6.0,100.0,920151736.0,0
2024-10-20 12:00:00,14.76,6.0,100.0,916975158.5686301,1
2024-10-20 18:00:00,14.76,6.0,100.0,925321165.0,0
2024-10-21 00:00:00,14.76,6.0,100.0,916944746.3115993,1
2024-10-21 06:00:00,14.76,6.0,100.0,925269569.0,0
2024-10-21 12:00:00,14.76,6.0,100.0,917910212.0,0
2024-10-21 18:00:00,14.76,6.0,100.0,920703698.67,0
2024-10-22 00:00:00,14.76,6.0,100.0,923692491.0,0
2024-10-22 06:00:00,14.76,6.0,100.0,913694120.5,0
2024-10-22 12:00:00,14.76,6.0,100.0,909746811.0,0
2024-10-22 18:00:00,14.76,6.0,100.0,917708160.1551356,1
2024-10-23 00:00:00,14.76,6.0,100.0,923536036.0,0
2024-10-23 06:00:00,14.76,6.0,100.0,925112235.0,0
2024-10-23 12:00:00,14.76,6.0,100.0,916612336.0215195,1
2024-10-23 18:00:00,14.76,6.0,100.0,909592390.0,0
2024-10-24 00:00:00,14.76,6.0,100.0,925684929.0,0
2024-10-24 06:00:00,14.76,6.0,100.0,916580520.2197672,1
2024-10-24 12:00:00,14.76,6.0,100.0,908174897.0,0
2024-10-24 18:00:00,14.76,6.0,100.0,917414138.134305,1
2024-10-25 00:00:00,14.76,6.0,100.0,924428669.0,0
2024-10-25 06:00:00,14.76,6.0,100.0,926152482.0,0
2024-10-25 12:00:00,14.76,6.0,100.0,917322018.5,0
2024-10-25 18:00:00,14.76,6.0,100.0,922536703.0,0
2024-10-26 00:00:00,14.76,6.0,100.0,914256934.0,0
2024-10-26 06:00:00,14.76,6.0,100.0,924624939.0,0
2024-10-26 12:00:00,14.76,6.0,100.0,916517500.6132797,1
2024-10-26 18:00:00,14.76,6.0,100.0,918134959.0,0
2024-10-27 00:00:00,14.76,6.0,100.0,917181562.9716338,1
2024-10-27 06:00:00,14.76,6.0,100.0,916902629.3257716,1
2024-10-27 12:00:00,14.76,6.0,100.0,916921914.9515303,1
2024-10-27 18:00:00,14.76,6.0,100.0,898572027.0,0
2024-10-28 00:00:00,14.76,6.0,100.0,922431892.0,0
2024-10-28 06:00:00,14.76,6.0,100.0,917233112.5239989,1
2024-10-28 12:00:00,14.76,6.0,100.0,917498805.0874739,1
2024-10-28 18:00:00,14.76,6.0,100.0,924425387.0,0
2024-10-29 00:00:00,14.76,6.0,100.0,917288978.3359632,1
2024-10-29 06:00:00,14.76,6.0,100.0,911111057.0,0
2024-10-29 12:00:00,14.76,6.0,100.0,924532741.0,0
2024-10-29 18:00:00,14.76,6.0,100.0,913206619.0,0
2024-10-30 00:00:00,14.76,6.0,100.0,918268203.0,0
2024-10-30 06:00:00,14.76,6.0,100.0,917332390.344928,1
2024-10-30 12:00:00,14.76,6.0,100.0,917185761.4781387,1
2024-10-30 18:00:00,14.76,6.0,100.0,923741872.0,0
2024-10-31 00:00:00,14.76,6.0,100.0,917040956.1371055,1
2024-10-31 06:00:00,14.76,6.0,100.0,917084686.4744966,1
2024-10-31 12:00:00,14.76,6.0,100.0,825411236.0,0
2024-10-31 18:00:00,14.76,6.0,100.0,919502907.67,0
2024-11-01 00:00:00,14.76,6.0,100.0,923955930.0,0
2024-11-01 06:00:00,14.76,6.0,100.0,921227995.0,0
2024-11-01 12:00:00,14.76,6.0,100.0,918243099.0,0
2024-11-01 18:00:00,14.76,6.0,100.0,922434152.0,0
2024-11-02 00:00:00,14.76,6.0,100.0,911895691.0,0
2024-11-02 06:00:00,14.76,6.0,100.0,856873451.5,0
2024-11-02 12:00:00,14.76,6.0,100.0,923647082.0,0
2024-11-02 18:00:00,14.76,6.0,100.0,923903270.0,0
2024-11-03 00:00:00,14.76,6.0,100.0,896050847.5,0
2024-11-03 06:00:00,14.76,6.0,100.0,919156345.0,0
2024-11-03 12:00:00,14.76,6.0,100.0,918816285.5,0
2024-11-03 18:00:00,14.76,6.0,100.0,907860609.0,0
2024-11-04 00:00:00,14.76,6.0,100.0,924632190.0,0
2024-11-04 06:00:00,14.76,6.0,100.0,917441189.0,0
2024-11-04 12:00:00,14.76,6.0,100.0,924669546.0,0
2024-11-04 18:00:00,14.76,6.0,100.0,913585800.0,0
2024-11-05 00:00:00,14.76,6.0,100.0,923641354.0,0
2024-11-05 06:00:00,14.76,6.0,100.0,922118564.0,0
2024-11-05 12:00:00,14.76,6.0,100.0,920766969.0,0
2024-11-05 18:00:00,14.76,6.0,100.0,921438788.5,0
2024-11-06 00:00:00,14.76,6.0,100.0,919340229.0,0
2024-11-06 06:00:00,14.76,6.0,100.0,917261878.7029417,1
2024-11-06 12:00:00,14.76,6.0,100.0,921773266.5,0
2024-11-06 18:00:00,14.76,6.0,100.0,922883547.0,0
2024-11-07 00:00:00,14.76,6.0,100.0,919580284.0,0
2024-11-07 06:00:00,14.76,6.0,100.0,908647718.0,0
2024-11-07 12:00:00,14.76,6.0,100.0,917453401.941944,1
2024-11-07 18:00:00,14.76,6.0,100.0,917661032.6837275,1
2024-11-08 00:00:00,14.76,6.0,100.0,917681071.7743087,1
2024-11-08 06:00:00,14.76,6.0,100.0,917182266.1530792,1
2024-11-08 12:00:00,14.76,6.0,100.0,917340716.3226113,1
2024-11-08 18:00:00,14.76,6.0,100.0,917696441.8388677,1
2024-11-09 00:00:00,14.76,6.0,100.0,917864339.0765942,1
2024-11-09 06:00:00,14.76,6.0,100.0,917493021.1358306,1
2024-11-09 12:00:00,14.76,6.0,100.0,923678149.0,0
2024-11-09 18:00:00,14.76,6.0,100.0,923041837.0,0
2024-11-10 00:00:00,14.76,6.0,100.0,924612624.0,0
2024-11-10 06:00:00,14.76,6.0,100.0,922305016.5,0
2024-11-10 12:00:00,14.76,6.0,100.0,916400432.7877827,1
2024-11-10 18:00:00,14.76,6.0,100.0,922954706.67,0
2024-11-11 00:00:00,14.76,6.0,100.0,514380757.0,0
2024-11-11 06:00:00,14.76,6.0,100.0,873099865.67,0
2024-11-11 12:00:00,14.76,10.0,3.0,734004.0,0
2024-11-11 18:00:00,14.76,9.0,3.0,890597733.5,0
2024-11-12 00:00:00,14.76,6.0,100.0,926251412.0,0
2024-11-12 06:00:00,14.76,6.0,100.0,916842181.0,0
2024-11-12 12:00:00,14.76,6.0,100.0,918032804.5,0
2024-11-12 18:00:00,14.76,6.0,100.0,923975979.0,0
2024-11-13 00:00:00,14.76,6.0,100.0,647968964.0,0
2024-11-13 06:00:00,14.76,6.0,100.0,918369646.2371228,1
2024-11-13 12:00:00,14.76,6.0,100.0,923588003.0,0
2024-11-13 18:00:00,14.76,6.0,100.0,923744988.5,0
2024-11-14 00:00:00,14.76,6.0,100.0,913626370.0,0
2024-11-14 06:00:00,14.76,6.0,100.0,917325122.9497739,1
2024-11-14 12:00:00,14.76,6.0,100.0,923745798.0,0
2024-11-14 18:00:00,14.76,6.0,100.0,922590792.0,0
2024-11-15 00:00:00,14.76,6.0,100.0,913996571.0,0
2024-11-15 06:00:00,14.76,6.0,100.0,916644706.2083427,1
2024-11-15 12:00:00,14.76,6.0,100.0,919854175.0,0
2024-11-15 18:00:00,14.76,6.0,100.0,925324080.0,0
2024-11-16 00:00:00,14.76,6.0,100.0,916169710.7941934,1
2024-11-16 06:00:00,14.76,6.0,100.0,924034584.0,0
2024-11-16 12:00:00,14.76,6.0,100.0,924062589.0,0
2024-11-16 18:00:00,14.76,6.0,100.0,904922943.5,0
2024-11-17 00:00:00,14.76,6.0,100.0,923692861.0,0
2024-11-17 06:00:00,14.76,6.0,100.0,901278052.5,0
2024-11-17 12:00:00,14.76,6.0,100.0,923118774.0,0
2024-11-17 18:00:00,14.76,6.0,100.0,923597424.0,0
2024-11-18 00:00:00,14.76,6.0,100.0,903087532.0,0
2024-11-18 06:00:00,14.76,6.0,100.0,917234809.0343224,1
2024-11-18 12:00:00,14.76,6.0,100.0,924249884.5,0
2024-11-18 18:00:00,14.76,6.0,100.0,922644559.0,0
2024-11-19 00:00:00,14.76,6.0,100.0,920546021.0,0
2024-11-19 06:00:00,14.76,6.0,100.0,925900315.0,0
2024-11-19 12:00:00,14.76,6.0,100.0,920457582.0,0
2024-11-19 18:00:00,14.76,6.0,100.0,911895167.0,0
2024-11-20 00:00:00,14.76,6.0,100.0,913127843.5,0
2024-11-20 06:00:00,14.76,6.0,100.0,917212298.9379554,1
2024-11-20 12:00:00,14.76,6.0,100.0,925010938.0,0
2024-11-20 18:00:00,14.76,6.0,100.0,926105425.0,0
2024-11-21 00:00:00,14.76,6.0,100.0,921858402.0,0
2024-11-21 06:00:00,14.76,6.0,100.0,924951016.0,0
2024-11-21 12:00:00,14.76,6.0,100.0,52428.0,0
2024-11-21 18:00:00,14.76,11.0,1.0,582613565.5,0
2024-11-22 00:00:00,14.76,8.0,3.0,911321001.0,0
2024-11-22 06:00:00,14.76,6.0,100.0,915080045.0,0
2024-11-22 12:00:00,14.76,6.0,100.0,823089567.0,0
2024-11-22 18:00:00,14.76,6.0,100.0,914081118.461708,1
2024-11-23 00:00:00,14.76,6.0,100.0,865761276.0,0
2024-11-23 06:00:00,14.76,6.0,100.0,851914421.0,0
2024-11-23 12:00:00,14.76,6.0,100.0,913325747.5159507,1
2024-11-23 18:00:00,14.76,6.0,100.0,862454018.0,0
2024-11-24 00:00:00,14.76,6.0,100.0,871659113.5,0
2024-11-24 06:00:00,14.76,6.0,100.0,865601825.0,0
2024-11-24 12:00:00,14.76,6.0,100.0,858417085.0,0
2024-11-24 18:00:00,14.76,6.0,100.0,863429098.0,0
2024-11-25 00:00:00,14.76,6.0,100.0,871002093.0,0
2024-11-25 06:00:00,14.76,6.0,100.0,807991629.0,0
2024-11-25 12:00:00,14.76,6.0,100.0,818728672.0,0
2024-11-25 18:00:00,14.76,6.0,100.0,856287119.5,0
2024-11-26 00:00:00,14.76,6.0,100.0,866597845.0,0
2024-11-26 06:00:00,14.76,6.0,100.0,826121530.5,0
2024-11-26 12:00:00,14.76,6.0,100.0,834402391.0,0
2024-11-26 18:00:00,14.76,6.0,100.0,845155594.0,0
2024-11-27 00:00:00,14.76,6.0,100.0,846674130.0,0
2024-11-27 06:00:00,14.76,6.0,100.0,821038206.5,0
2024-11-27 12:00:00,14.76,6.0,100.0,825121401.0,0
2024-11-27 18:00:00,14.76,6.0,100.0,859290919.67,0
2024-11-28 00:00:00,14.76,6.0,100.0,909328794.9042708,1
2024-11-28 06:00:00,14.76,6.0,100.0,821494269.0,0
2024-11-28 12:00:00,14.76,6.0,100.0,912958846.920382,1
2024-11-28 18:00:00,14.76,6.0,100.0,860730323.0,0
2024-11-29 00:00:00,14.76,6.0,100.0,859624495.0,0
2024-11-29 06:00:00,14.76,6.0,100.0,814900879.0,0
2024-11-29 12:00:00,14.76,6.0,100.0,830368247.0,0
2024-11-29 18:00:00,14.76,6.0,100.0,859186718.0,0
2024-11-30 00:00:00,14.76,6.0,100.0,860727611.0,0
2024-11-30 06:00:00,14.76,6.0,100.0,863385871.0,0
2024-11-30 12:00:00,14.76,6.0,100.0,853986228.0,0
2024-11-30 18:00:00,14.76,6.0,100.0,861624347.0,0
2024-12-01 00:00:00,14.76,6.0,100.0,867804621.0,0
2024-12-01 06:00:00,14.76,6.0,100.0,861249103.0,0
2024-12-01 12:00:00,14.76,6.0,100.0,861878292.0,0
2024-12-01 18:00:00,14.76,6.0,100.0,863559557.0,0
2024-12-02 00:00:00,14.76,6.0,100.0,854151200.0,0
2024-12-02 06:00:00,14.76,6.0,100.0,837683661.5,0
2024-12-02 12:00:00,14.76,6.0,100.0,820929698.0,0
2024-12-02 18:00:00,14.76,6.0,100.0,854931654.0,0
2024-12-03 00:00:00,14.76,6.0,100.0,857791113.0,0
2024-12-03 06:00:00,14.76,6.0,100.0,859100206.0,0
2024-12-03 12:00:00,14.76,6.0,100.0,834275010.5,0
2024-12-03 18:00:00,14.76,6.0,100.0,859991025.0,0
2024-12-04 00:00:00,14.76,6.0,100.0,860720338.0,0
2024-12-04 06:00:00,14.76,6.0,100.0,852407169.0,0
2024-12-04 12:00:00,14.76,6.0,100.0,675910358.0,0
2024-12-04 18:00:00,14.76,6.0,100.0,852074348.0,0
2024-12-05 00:00:00,14.76,6.0,100.0,778752655.5,0
2024-12-05 06:00:00,14.76,6.0,100.0,909241543.3909833,1
2024-12-05 12:00:00,14.76,6.0,100.0,827537739.0,0
2024-12-05 18:00:00,14.76,6.0,100.0,913655368.2906607,1
2024-12-06 00:00:00,14.76,6.0,100.0,862352179.0,0
2024-12-06 06:00:00,14.76,6.0,100.0,827738361.0,0
2024-12-06 12:00:00,14.76,6.0,100.0,834002048.0,0
2024-12-06 18:00:00,14.76,6.0,100.0,849505032.5,0
2024-12-07 00:00:00,14.76,6.0,100.0,865076930.0,0
2024-12-07 06:00:00,14.76,6.0,100.0,860148656.0,0
2024-12-07 12:00:00,14.76,6.0,100.0,909562985.8122675,1
2024-12-07 18:00:00,14.76,6.0,100.0,860855159.67,0
2024-12-08 00:00:00,14.76,6.0,100.0,865765229.0,0
2024-12-08 06:00:00,14.76,6.0,100.0,861458301.0,0
2024-12-08 12:00:00,14.76,6.0,100.0,861591591.5,0
2024-12-08 18:00:00,14.76,6.0,100.0,863049072.0,0
2024-12-09 00:00:00,14.76,6.0,100.0,913480210.5095928,1
2024-12-09 06:00:00,14.76,6.0,100.0,818783066.0,0
2024-12-09 12:00:00,14.76,6.0,100.0,832387712.0,0
2024-12-09 18:00:00,14.76,6.0,100.0,912851604.2430865,1
2024-12-10 00:00:00,14.76,6.0,100.0,915469413.3303238,1
2024-12-10 06:00:00,14.76,6.0,100.0,815060284.0,0
2024-12-10 12:00:00,14.76,6.0,100.0,819998169.0,0
2024-12-10 18:00:00,14.76,6.0,100.0,846150010.0,0
2024-12-11 00:00:00,14.76,6.0,100.0,734658079.5,0
2024-12-11 06:00:00,14.76,6.0,100.0,810996799.0,0
2024-12-11 12:00:00,14.76,6.0,100.0,812305389.5,0
2024-12-11 18:00:00,14.76,6.0,100.0,857108893.0,0
2024-12-12 00:00:00,14.76,6.0,100.0,866386786.0,0
2024-12-12 06:00:00,14.76,6.0,100.0,858522372.0,0
2024-12-12 12:00:00,14.76,6.0,100.0,826466538.5,0
2024-12-12 18:00:00,14.76,6.0,100.0,864891939.0,0
2024-12-13 00:00:00,14.76,6.0,100.0,910138193.9033659,1
2024-12-13 06:00:00,14.76,6.0,100.0,837843984.5,0
2024-12-13 12:00:00,14.76,6.0,100.0,830170453.67,0
2024-12-13 18:00:00,14.76,6.0,100.0,862142592.0,0
2024-12-14 00:00:00,14.76,6.0,100.0,912942908.4843953,1
2024-12-14 06:00:00,14.76,6.0,100.0,861512805.0,0
2024-12-14 12:00:00,14.76,6.0,100.0,857164194.0,0
2024-12-14 18:00:00,14.76,6.0,100.0,913530163.7459874,1
2024-12-15 00:00:00,14.76,6.0,100.0,861066355.0,0
2024-12-15 06:00:00,14.76,6.0,100.0,863715592.0,0
2024-12-15 12:00:00,14.76,6.0,100.0,855879633.0,0
2024-12-15 18:00:00,14.76,11.0,100.0,861815120.0,0
2024-12-16 00:00:00,14.76,6.0,100.0,913557827.6375058,1
2024-12-16 06:00:00,14.76,6.0,100.0,805019109.5,0
2024-12-16 12:00:00,14.76,6.0,100.0,817996182.0,0
2024-12-16 18:00:00,14.76,6.0,100.0,850922104.0,0
2024-12-17 00:00:00,14.76,6.0,100.0,865288246.0,0
2024-12-17 06:00:00,14.76,6.0,100.0,912857645.6988134,1
2024-12-17 12:00:00,14.76,6.0,100.0,827170170.0,0
2024-12-17 18:00:00,14.76,6.0,100.0,857316980.0,0
2024-12-18 00:00:00,14.76,6.0,100.0,861930807.0,0
2024-12-18 06:00:00,14.76,6.0,100.0,817839018.0,0
2024-12-18 12:00:00,14.76,6.0,100.0,912615655.4812689,1
2024-12-18 18:00:00,14.76,6.0,100.0,850712303.0,0
2024-12-19 00:00:00,14.76,6.0,100.0,863556880.0,0
2024-12-19 06:00:00,14.76,6.0,100.0,831220224.0,0
2024-12-19 12:00:00,14.76,6.0,100.0,912875918.3142883,1
2024-12-19 18:00:00,14.76,6.0,100.0,862558617.0,0
2024-12-20 00:00:00,14.76,6.0,100.0,868852680.0,0
2024-12-20 06:00:00,14.76,6.0,100.0,913638003.9538003,1
2024-12-20 12:00:00,14.76,6.0,100.0,836137447.5,0
2024-12-20 18:00:00,14.76,6.0,100.0,864760540.0,0
2024-12-21 00:00:00,14.76,6.0,100.0,850905247.5,0
2024-12-21 06:00:00,14.76,6.0,100.0,856058260.5,0
2024-12-21 12:00:00,14.76,6.0,100.0,852898853.5,0
2024-12-21 18:00:00,14.76,6.0,100.0,866020607.0,0
2024-12-22 00:00:00,14.76,6.0,100.0,827118926.5,0
2024-12-22 06:00:00,14.76,6.0,100.0,859886425.0,0
2024-12-22 12:00:00,14.76,6.0,100.0,860432057.5,0
2024-12-22 18:00:00,14.76,6.0,100.0,865371502.5,0
2024-12-23 00:00:00,14.76,6.0,100.0,868824891.0,0
2024-12-23 06:00:00,14.76,6.0,100.0,861354994.0,0
2024-12-23 12:00:00,14.76,6.0,100.0,832387960.5,0
2024-12-23 18:00:00,14.76,6.0,100.0,863795360.0,0
2024-12-24 00:00:00,14.76,6.0,100.0,868640509.5,0
2024-12-24 06:00:00,14.76,6.0,100.0,840953663.0,0
2024-12-24 12:00:00,14.76,6.0,100.0,857055748.5,0
2024-12-24 18:00:00,14.76,6.0,100.0,863191992.0,0
2024-12-25 00:00:00,14.76,6.0,100.0,861878253.5,0
2024-12-25 06:00:00,14.76,6.0,100.0,862761328.5,0
2024-12-25 12:00:00,14.76,6.0,100.0,910607609.8658836,1
2024-12-25 18:00:00,14.76,6.0,100.0,861144139.0,0
2024-12-26 00:00:00,14.76,6.0,100.0,915593611.2829955,1
2024-12-26 06:00:00,14.76,6.0,100.0,850652049.0,0
2024-12-26 12:00:00,14.76,6.0,100.0,916373046.3615968,1
2024-12-26 18:00:00,14.76,6.0,100.0,862510220.0,0
2024-12-27 00:00:00,14.76,6.0,100.0,873365352.0,0
2024-12-27 06:00:00,14.76,6.0,100.0,849873270.0,0
2024-12-27 12:00:00,14.76,6.0,100.0,914612550.8732634,1
2024-12-27 18:00:00,14.76,6.0,100.0,855690102.0,0
2024-12-28 00:00:00,14.76,6.0,100.0,916965706.8177284,1
2024-12-28 06:00:00,14.76,6.0,100.0,859206203.0,0
2024-12-28 12:00:00,14.76,6.0,100.0,862192097.0,0
2024-12-28 18:00:00,14.76,6.0,100.0,863528463.0,0
2024-12-29 00:00:00,14.76,6.0,100.0,864383771.0,0
2024-12-29 06:00:00,14.76,6.0,100.0,862359897.0,0
2024-12-29 12:00:00,14.76,6.0,100.0,855954814.0,0
2024-12-29 18:00:00,14.76,6.0,100.0,865058791.33,0
2024-12-30 00:00:00,14.76,6.0,100.0,865070009.0,0
2024-12-30 06:00:00,14.76,6.0,100.0,845366747.0,0
2024-12-30 12:00:00,14.76,6.0,100.0,847304049.0,0
2024-12-30 18:00:00,14.76,6.0,100.0,863607796.0,0
2024-12-31 00:00:00,14.76,6.0,100.0,865863407.0,0
2024-12-31 06:00:00,14.76,6.0,100.0,860933970.0,0
2024-12-31 12:00:00,14.76,6.0,100.0,862455699.5,0
2024-12-31 18:00:00,14.76,6.0,100.0,863709681.0,0
2025-01-01 00:00:00,14.76,6.0,100.0,864971380.0,0
2025-01-01 06:00:00,14.76,6.0,100.0,865075892.0,0
2025-01-01 12:00:00,14.76,6.0,100.0,866543899.0,0
2025-01-01 18:00:00,14.76,8.0,3.0,862554061.0,0
2025-01-02 00:00:00,14.76,6.0,100.0,911308187.2751324,1
2025-01-02 06:00:00,14.76,6.0,100.0,915577352.7479291,1
2025-01-02 12:00:00,14.76,6.0,100.0,855587170.0,0
2025-01-02 18:00:00,14.76,6.0,100.0,917216656.8501354,1
2025-01-03 00:00:00,14.76,6.0,100.0,865237158.0,0
2025-01-03 06:00:00,14.76,6.0,100.0,860165956.0,0
2025-01-03 12:00:00,14.76,6.0,100.0,916011764.5240234,1
2025-01-03 18:00:00,14.76,6.0,100.0,861459034.0,0
2025-01-04 00:00:00,14.76,6.0,100.0,862874312.0,0
2025-01-04 06:00:00,14.76,6.0,100.0,857469937.0,0
2025-01-04 12:00:00,14.76,6.0,100.0,860863806.0,0
2025-01-04 18:00:00,14.76,6.0,100.0,862294317.0,0
2025-01-05 00:00:00,14.76,6.0,100.0,914198620.4738593,1
2025-01-05 06:00:00,14.76,6.0,100.0,915455839.4805509,1
2025-01-05 12:00:00,14.76,6.0,100.0,861452659.0,0
2025-01-05 18:00:00,14.76,6.0,100.0,857867634.5,0
2025-01-06 00:00:00,14.76,6.0,100.0,873150632.0,0
2025-01-06 06:00:00,14.76,6.0,100.0,915291919.7695999,1
2025-01-06 12:00:00,14.76,6.0,100.0,838020388.0,0
2025-01-06 18:00:00,14.76,6.0,100.0,854961528.0,0
2025-01-07 00:00:00,14.76,6.0,100.0,915407517.0293499,1
2025-01-07 06:00:00,14.76,6.0,100.0,818626762.0,0
2025-01-07 12:00:00,14.76,6.0,100.0,829953340.0,0
2025-01-07 18:00:00,14.76,6.0,100.0,914424633.4506004,1
2025-01-08 00:00:00,14.76,6.0,100.0,873360379.0,0
2025-01-08 06:00:00,14.76,6.0,100.0,855927121.0,0
2025-01-08 12:00:00,14.76,6.0,100.0,822973844.0,0
2025-01-08 18:00:00,14.76,6.0,100.0,857577361.0,0
2025-01-09 00:00:00,14.76,6.0,100.0,914252192.8703434,1
2025-01-09 06:00:00,14.76,6.0,100.0,916494486.1318583,1
2025-01-09 12:00:00,14.76,6.0,100.0,819827331.0,0
2025-01-09 18:00:00,14.76,6.0,100.0,916666843.0412356,1
2025-01-10 00:00:00,14.76,6.0,100.0,856658627.0,0
2025-01-10 06:00:00,14.76,6.0,100.0,820704253.0,0
2025-01-10 12:00:00,14.76,6.0,100.0,915169120.8436768,1
2025-01-10 18:00:00,14.76,6.0,100.0,856220341.0,0
2025-01-11 00:00:00,14.76,6.0,100.0,916899693.2498621,1
2025-01-11 06:00:00,14.76,6.0,100.0,855218927.0,0
2025-01-11 12:00:00,14.76,6.0,100.0,861185306.0,0
2025-01-11 18:00:00,14.76,6.0,100.0,862661922.0,0
2025-01-12 00:00:00,14.76,6.0,100.0,914960448.4184997,1
2025-01-12 06:00:00,14.76,6.0,100.0,862610183.0,0
2025-01-12 12:00:00,14.76,6.0,100.0,870217660.0,0
2025-01-12 18:00:00,14.76,6.0,100.0,914207246.1345495,1
2025-01-13 00:00:00,14.76,6.0,100.0,852194934.0,0
2025-01-13 06:00:00,14.76,6.0,100.0,808874761.0,0
2025-01-13 12:00:00,14.76,6.0,100.0,830997768.0,0
2025-01-13 18:00:00,14.76,6.0,100.0,838022693.0,0
2025-01-14 00:00:00,14.76,6.0,100.0,914232987.6063567,1
2025-01-14 06:00:00,14.76,6.0,100.0,813824865.0,0
2025-01-14 12:00:00,14.76,6.0,100.0,832362417.0,0
2025-01-14 18:00:00,14.76,12.0,1.0,849564813.0,0
2025-01-15 00:00:00,14.76,6.0,100.0,913886590.7827988,1
2025-01-15 06:00:00,14.76,6.0,100.0,915852339.5366448,1
2025-01-15 12:00:00,14.76,6.0,100.0,917897069.8437675,1
2025-01-15 18:00:00,14.76,6.0,100.0,917673296.7117292,1
2025-01-16 00:00:00,14.76,6.0,100.0,918497408.0264816,1
2025-01-16 06:00:00,14.76,6.0,100.0,823394921.0,0
2025-01-16 12:00:00,14.76,6.0,100.0,815163050.0,0
2025-01-16 18:00:00,14.76,6.0,100.0,851576976.0,0
2025-01-17 00:00:00,14.76,6.0,100.0,847944319.0,0
2025-01-17 06:00:00,14.76,6.0,100.0,805208504.0,0
2025-01-17 12:00:00,14.76,6.0,100.0,819750058.5,0
2025-01-17 18:00:00,14.76,6.0,100.0,854354348.5,0
2025-01-18 00:00:00,14.76,6.0,100.0,864078427.0,0
2025-01-18 06:00:00,14.76,6.0,100.0,843710519.0,0
2025-01-18 12:00:00,14.76,6.0,100.0,857178988.0,0
2025-01-18 18:00:00,14.76,6.0,100.0,866099665.0,0
2025-01-19 00:00:00,14.76,6.0,100.0,865044447.0,0
2025-01-19 06:00:00,14.76,6.0,100.0,865102544.0,0
2025-01-19 12:00:00,14.76,6.0,100.0,863073045.67,0
2025-01-19 18:00:00,14.76,6.0,100.0,859047606.0,0
2025-01-20 00:00:00,14.76,6.0,100.0,830421922.0,0
2025-01-20 06:00:00,14.76,6.0,100.0,817783400.0,0
2025-01-20 12:00:00,14.76,6.0,100.0,827302526.0,0
2025-01-20 18:00:00,14.76,6.0,100.0,853436731.0,0
2025-01-21 00:00:00,14.76,6.0,100.0,866819597.0,0
2025-01-21 06:00:00,14.76,6.0,100.0,811651937.5,0
2025-01-21 12:00:00,14.76,6.0,100.0,818994543.0,0
2025-01-21 18:00:00,14.76,6.0,100.0,846834344.0,0
2025-01-22 00:00:00,14.76,6.0,100.0,867278033.0,0
2025-01-22 06:00:00,14.76,6.0,100.0,816683499.0,0
2025-01-22 12:00:00,14.76,6.0,100.0,830699237.0,0
2025-01-22 18:00:00,14.76,6.0,100.0,909362508.1803916,1
2025-01-23 00:00:00,14.76,6.0,100.0,863242781.0,0
2025-01-23 06:00:00,14.76,6.0,100.0,843491626.0,0
2025-01-23 12:00:00,14.76,11.0,1.0,111149107.5,0
2025-01-23 18:00:00,24.77,8.0,3.0,860410432.5,0
2025-01-24 00:00:00,14.76,6.0,100.0,914594174.6447674,1
2025-01-24 06:00:00,13.23,6.0,100.0,839606535.5,0
2025-01-24 12:00:00,17.97,6.0,100.0,820782759.0,0
2025-01-24 18:00:00,11.87,6.0,100.0,850345640.0,0
2025-01-25 00:00:00,20.03,6.0,100.0,853494941.5,0
2025-01-25 06:00:00,23.4,6.0,100.0,852889609.0,0
2025-01-25 12:00:00,15.87,6.0,100.0,853070241.0,0
2025-01-25 18:00:00,22.81,6.0,100.0,862030898.0,0
2025-01-26 00:00:00,17.44,6.0,100.0,859624925.0,0
2025-01-26 06:00:00,17.04,6.0,100.0,857891155.0,0
2025-01-26 12:00:00,14.01,6.0,100.0,861197856.0,0
2025-01-26 18:00:00,14.96,6.0,100.0,858956316.0,0
2025-01-27 00:00:00,14.76,6.0,100.0,912386118.7188864,1
2025-01-27 06:00:00,11.87,6.0,100.0,813648080.0,0
2025-01-27 12:00:00,14.79,6.0,100.0,822348442.0,0
2025-01-27 18:00:00,28.57,9.0,3.0,841667505.0,0
2025-01-28 00:00:00,15.92,6.0,100.0,863059907.0,0
2025-01-28 06:00:00,15.01,6.0,100.0,596221893.0,0
2025-01-28 12:00:00,14.76,6.0,100.0,913870178.5538884,1
2025-01-28 18:00:00,14.45,6.0,100.0,850789582.5,0
2025-01-29 00:00:00,14.76,6.0,100.0,918870238.4832443,1
2025-01-29 06:00:00,14.18,6.0,100.0,820179656.0,0
2025-01-29 12:00:00,13.06,6.0,100.0,820230429.0,0
2025-01-29 18:00:00,13.17,6.0,100.0,850816140.0,0
2025-01-30 00:00:00,11.98,6.0,100.0,869113303.0,0
2025-01-30 06:00:00,14.76,6.0,100.0,914190089.9137154,1
2025-01-30 12:00:00,10.73,6.0,100.0,837522864.67,0
2025-01-30 18:00:00,14.76,6.0,100.0,915575760.3591028,1
2025-01-31 00:00:00,16.65,6.0,100.0,865443413.0,0
2025-01-31 06:00:00,14.76,6.0,100.0,917021923.0717893,1
2025-01-31 12:00:00,13.84,6.0,100.0,844480038.0,0
2025-01-31 18:00:00,13.09,6.0,100.0,833988132.0,0
2025-02-01 00:00:00,10.87,6.0,100.0,863557441.0,0
2025-02-01 06:00:00,15.86,6.0,100.0,858053988.0,0
2025-02-01 12:00:00,16.39,6.0,100.0,853070349.0,0
2025-02-01 18:00:00,13.54,6.0,100.0,860986700.0,0
2025-02-02 00:00:00,14.76,6.0,100.0,911427977.9805919,1
2025-02-02 06:00:00,10.16,6.0,100.0,852180380.33,0
2025-02-02 12:00:00,13.59,6.0,100.0,861668405.0,0
2025-02-02 18:00:00,16.18,6.0,100.0,861721523.0,0
2025-02-03 00:00:00,18.22,6.0,100.0,859179186.0,0
2025-02-03 06:00:00,18.04,6.0,100.0,844431299.0,0
2025-02-03 12:00:00,14.02,6.0,100.0,839150375.5,0
2025-02-03 18:00:00,8.52,6.0,100.0,860623313.0,0
2025-02-04 00:00:00,14.76,6.0,100.0,912064126.2601416,1
2025-02-04 06:00:00,17.42,6.0,100.0,858754629.0,0
2025-02-04 12:00:00,15.81,6.0,100.0,854954389.0,0
2025-02-04 18:00:00,14.76,6.0,100.0,915310573.7682412,1
2025-02-05 00:00:00,32.91,6.0,100.0,860042436.0,0
2025-02-05 06:00:00,31.85,9.0,3.0,816686480.0,0
2025-02-05 12:00:00,33.54,9.0,3.0,407687656.5,0
2025-02-05 18:00:00,14.76,6.0,100.0,908982318.8256203,1
2025-02-06 00:00:00,14.76,6.0,100.0,916987129.7042665,1
2025-02-06 06:00:00,24.82,9.0,3.0,7759509.0,0
2025-02-06 12:00:00,58.89,12.0,1.0,470470091.5,0
2025-02-06 18:00:00,27.86,9.0,3.0,370936338.0,0
2025-02-07 00:00:00,14.76,6.0,100.0,885776407.8426718,1
2025-02-07 06:00:00,32.17,9.0,3.0,786087312.5,0
2025-02-07 12:00:00,31.87,9.0,3.0,777208494.0,0
2025-02-07 18:00:00,27.98,9.0,3.0,842491530.0,0
2025-02-08 00:00:00,29.58,9.0,3.0,863818089.0,0
2025-02-08 06:00:00,30.0,9.0,3.0,837337944.0,0
2025-02-08 12:00:00,32.74,9.0,3.0,863452368.0,0
2025-02-08 18:00:00,14.76,6.0,100.0,910057440.0206786,1
2025-02-09 00:00:00,17.65,6.0,100.0,863553426.0,0
2025-02-09 06:00:00,12.7,6.0,100.0,859941004.0,0
2025-02-09 12:00:00,11.95,6.0,100.0,862402409.0,0
2025-02-09 18:00:00,14.76,6.0,100.0,914107172.5632524,1
2025-02-10 00:00:00,14.62,6.0,100.0,868273984.5,0
2025-02-10 06:00:00,14.76,6.0,100.0,916314839.6187505,1
2025-02-10 12:00:00,12.0,6.0,100.0,828482768.0,0
2025-02-10 18:00:00,14.76,6.0,100.0,917407408.7602514,1
2025-02-11 00:00:00,14.2,6.0,100.0,872463254.0,0
2025-02-11 06:00:00,16.92,6.0,100.0,816842215.0,0
2025-02-11 12:00:00,14.76,6.0,100.0,915277601.2186058,1
2025-02-11 18:00:00,12.97,6.0,100.0,852831431.5,0
2025-02-12 00:00:00,14.76,6.0,100.0,917469095.5701585,1
2025-02-12 06:00:00,14.76,6.0,100.0,917411160.0670252,1
2025-02-12 12:00:00,14.76,6.0,100.0,918296171.0081058,1
2025-02-12 18:00:00,14.76,6.0,100.0,918639404.138511,1
2025-02-13 00:00:00,14.76,6.0,100.0,918995597.0503501,1
2025-02-13 06:00:00,11.7,7.0,100.0,826273638.0,0
2025-02-13 12:00:00,14.37,7.0,100.0,812772084.0,0
2025-02-13 18:00:00,16.28,7.0,100.0,846458235.0,0
2025-02-14 00:00:00,12.84,7.0,100.0,870894535.0,0
2025-02-14 06:00:00,13.5,7.0,100.0,833363859.0,0
2025-02-14 12:00:00,14.76,6.0,100.0,914283876.3145857,1
2025-02-14 18:00:00,16.98,7.0,100.0,858495275.5,0
2025-02-15 00:00:00,10.98,6.0,100.0,858156743.0,0
2025-02-15 06:00:00,12.57,7.0,100.0,845100145.0,0
2025-02-15 12:00:00,15.67,7.0,100.0,859730944.0,0
2025-02-15 18:00:00,14.0,7.0,100.0,860226483.5,0
2025-02-16 00:00:00,16.73,6.0,100.0,861681872.0,0
2025-02-16 06:00:00,18.09,7.0,100.0,863084113.0,0
2025-02-16 12:00:00,15.18,7.0,100.0,860971158.0,0
2025-02-16 18:00:00,16.38,6.0,100.0,873689425.0,0
2025-02-17 00:00:00,14.76,6.0,100.0,912057084.6217735,1
2025-02-17 06:00:00,13.16,7.0,100.0,819104474.5,0
2025-02-17 12:00:00,13.02,7.0,100.0,824421944.0,0
2025-02-17 18:00:00,14.76,6.0,100.0,914169407.2923578,1
2025-02-18 00:00:00,14.76,6.0,100.0,916760955.7626334,1
2025-02-18 06:00:00,14.76,6.0,100.0,918678541.3526858,1
2025-02-18 12:00:00,12.74,7.0,100.0,824497411.0,0
2025-02-18 18:00:00,14.34,7.0,100.0,843917819.33,0
2025-02-19 00:00:00,14.76,6.0,100.0,916867312.9326916,1
2025-02-19 06:00:00,14.76,6.0,100.0,918324546.8807983,1
2025-02-19 12:00:00,7.09,7.0,100.0,835924787.0,0
2025-02-19 18:00:00,13.01,7.0,100.0,855693739.0,0
2025-02-20 00:00:00,16.23,7.0,100.0,863411435.0,0
2025-02-20 06:00:00,14.76,6.0,100.0,915486279.4038645,1
2025-02-20 12:00:00,14.46,7.0,100.0,813064488.0,0
2025-02-20 18:00:00,16.69,7.0,100.0,862980032.0,0
2025-02-21 00:00:00,12.44,6.0,100.0,860457292.0,0
2025-02-21 06:00:00,15.63,7.0,100.0,805151980.0,0
2025-02-21 12:00:00,17.92,8.5,10.0,816946187.5,0
2025-02-21 18:00:00,14.76,6.0,100.0,913188284.509079,1
2025-02-22 00:00:00,14.76,6.0,100.0,915212388.4049269,1
2025-02-22 06:00:00,14.29,7.0,100.0,853517343.0,0
2025-02-22 12:00:00,27.13,10.5,10.0,857159346.5,0
2025-02-22 18:00:00,13.26,7.0,100.0,867069705.0,0
2025-02-23 00:00:00,10.85,7.0,100.0,855498340.5,0
2025-02-23 06:00:00,12.79,7.0,100.0,859575075.0,0
2025-02-23 12:00:00,12.49,7.0,100.0,865756079.5,0
2025-02-23 18:00:00,14.76,6.0,100.0,911350879.4233205,1
2025-02-24 00:00:00,17.93,7.0,100.0,877028615.0,0
2025-02-24 06:00:00,14.76,6.0,100.0,916373375.6031494,1
2025-02-24 12:00:00,17.29,7.0,100.0,834695668.33,0
2025-02-24 18:00:00,13.33,7.0,100.0,849717640.0,0
2025-02-25 00:00:00,15.31,7.0,100.0,855728442.33,0
2025-02-25 06:00:00,12.35,7.0,100.0,844317996.0,0
2025-02-25 12:00:00,14.76,7.0,100.0,822949693.0,0
2025-02-25 18:00:00,9.07,7.0,100.0,861858383.0,0
2025-02-26 00:00:00,7.88,7.0,100.0,866283896.0,0
2025-02-26 06:00:00,26.06,10.0,3.0,817791823.0,0
2025-02-26 12:00:00,15.4,7.0,100.0,823394798.0,0
2025-02-26 18:00:00,7.43,7.0,100.0,855691172.0,0
2025-02-27 00:00:00,7.04,7.0,100.0,862193036.0,0
2025-02-27 06:00:00,12.47,7.0,100.0,843999244.0,0
2025-02-27 12:00:00,16.64,7.0,100.0,811230848.0,0
2025-02-27 18:00:00,9.85,7.0,100.0,855797441.0,0
2025-02-28 00:00:00,13.55,7.0,100.0,870193836.0,0
2025-02-28 06:00:00,13.17,7.0,100.0,834189589.0,0
2025-02-28 12:00:00,15.42,7.0,100.0,848587125.0,0
2025-02-28 18:00:00,8.18,7.0,100.0,863374060.0,0
2025-03-01 00:00:00,14.76,6.0,100.0,911584241.9069674,1
2025-03-01 06:00:00,12.87,7.0,100.0,853390319.0,0
2025-03-01 12:00:00,15.76,7.0,100.0,860069285.0,0
2025-03-01 18:00:00,10.79,7.0,100.0,865165319.5,0
2025-03-02 00:00:00,14.76,6.0,100.0,914925351.8886757,1
2025-03-02 06:00:00,16.29,7.0,100.0,865548790.0,0
2025-03-02 12:00:00,15.56,7.0,100.0,863371997.0,0
2025-03-02 18:00:00,13.46,7.0,100.0,866912982.0,0
2025-03-03 00:00:00,13.37,7.0,100.0,850606680.0,0
2025-03-03 06:00:00,15.93,7.0,100.0,855638614.0,0
2025-03-03 12:00:00,16.75,7.0,100.0,859153237.0,0
2025-03-03 18:00:00,17.2,7.0,100.0,862899338.0,0
2025-03-04 00:00:00,14.76,6.0,100.0,912395356.8725637,1
2025-03-04 06:00:00,19.03,7.0,100.0,861013326.0,0
2025-03-04 12:00:00,12.47,7.0,100.0,864846454.5,0
2025-03-04 18:00:00,9.56,7.0,100.0,861044037.0,0
2025-03-05 00:00:00,14.76,6.0,100.0,915177805.5638882,1
2025-03-05 06:00:00,12.27,7.0,100.0,855980365.0,0
2025-03-05 12:00:00,12.48,7.0,100.0,851104518.0,0
2025-03-05 18:00:00,14.76,6.0,100.0,915872202.8896862,1
2025-03-06 00:00:00,15.07,7.0,100.0,864081731.0,0
2025-03-06 06:00:00,17.05,7.0,100.0,818155351.0,0
2025-03-06 12:00:00,13.14,7.0,100.0,814772156.5,0
2025-03-06 18:00:00,13.38,7.0,100.0,865128234.0,0
2025-03-07 00:00:00,16.98,6.0,100.0,866124945.0,0
2025-03-07 06:00:00,17.64,7.0,100.0,823442127.0,0
2025-03-07 12:00:00,20.3,7.0,100.0,835719543.0,0
2025-03-07 18:00:00,24.57,7.0,100.0,862508085.5,0
2025-03-08 00:00:00,20.09,7.0,100.0,862190969.0,0
2025-03-08 06:00:00,-1.65,7.0,100.0,853049694.5,0
2025-03-08 12:00:00,26.89,7.0,100.0,853196823.0,0
2025-03-08 18:00:00,14.76,6.0,100.0,911481593.0407697,1
2025-03-09 00:00:00,15.68,7.0,100.0,862233801.67,0
2025-03-09 06:00:00,12.84,7.0,100.0,863579938.0,0
2025-03-09 12:00:00,13.22,7.0,100.0,858130339.0,0
2025-03-09 18:00:00,18.03,7.0,100.0,863701598.0,0
2025-03-10 00:00:00,14.76,6.0,100.0,915601936.6962,1
2025-03-10 06:00:00,31.91,10.0,3.0,838369012.5,0
2025-03-10 12:00:00,10.71,7.0,100.0,815584431.0,0
2025-03-10 18:00:00,17.21,7.0,100.0,844335234.0,0
2025-03-11 00:00:00,14.76,6.0,100.0,915613056.5890856,1
2025-03-11 06:00:00,16.22,7.0,100.0,864763653.0,0
2025-03-11 12:00:00,12.0,7.0,100.0,823237513.0,0
2025-03-11 18:00:00,29.12,9.0,3.0,840280621.0,0
2025-03-12 00:00:00,16.58,6.0,100.0,858814486.0,0
2025-03-12 06:00:00,15.47,7.0,100.0,833880599.5,0
2025-03-12 12:00:00,10.96,7.0,100.0,806726584.0,0
2025-03-12 18:00:00,12.2,7.0,100.0,846099730.67,0
2025-03-13 00:00:00,14.76,6.0,100.0,911178900.5781599,1
2025-03-13 06:00:00,15.81,7.0,100.0,836371021.0,0
2025-03-13 12:00:00,12.21,7.0,100.0,813956468.0,0
2025-03-13 18:00:00,14.61,10.0,3.0,857946268.5,0
2025-03-14 00:00:00,14.76,6.0,100.0,914713811.2185365,1
2025-03-14 06:00:00,19.64,7.0,100.0,846631178.67,0
2025-03-14 12:00:00,9.43,11.0,10.0,534459444.5,0
2025-03-14 18:00:00,11.51,7.0,100.0,861853211.5,0
2025-03-15 00:00:00,14.76,6.0,100.0,914341595.1048051,1
2025-03-15 06:00:00,15.24,7.0,100.0,855167140.0,0
2025-03-15 12:00:00,30.44,9.0,3.0,852706727.5,0
2025-03-15 18:00:00,15.16,7.0,100.0,866806216.5,0
2025-03-16 00:00:00,14.76,6.0,100.0,916782195.6838174,1
2025-03-16 06:00:00,28.79,9.0,3.0,869060527.0,0
2025-03-16 12:00:00,14.79,7.0,100.0,861137324.0,0
2025-03-16 18:00:00,14.89,7.0,100.0,860408907.0,0
2025-03-17 00:00:00,14.42,7.0,100.0,866754091.0,0
2025-03-17 06:00:00,16.97,7.0,100.0,856269002.0,0
2025-03-17 12:00:00,11.07,7.0,100.0,811599650.0,0
2025-03-17 18:00:00,12.64,7.0,100.0,841134600.0,0
2025-03-18 00:00:00,14.53,7.0,100.0,862298241.0,0
2025-03-18 06:00:00,15.51,7.0,100.0,817943058.0,0
2025-03-18 12:00:00,14.76,6.0,100.0,910166787.9794955,1
2025-03-18 18:00:00,12.89,7.0,100.0,856022129.5,0
2025-03-19 00:00:00,15.54,6.0,100.0,760376749.0,0
2025-03-19 06:00:00,13.02,7.0,100.0,859491704.5,0
2025-03-19 12:00:00,19.7,7.0,100.0,853701181.0,0
2025-03-19 18:00:00,27.84,9.0,3.0,863090324.0,0
2025-03-20 00:00:00,18.4,7.0,100.0,854073564.0,0
2025-03-20 06:00:00,34.87,9.0,3.0,792194069.0,0
2025-03-20 12:00:00,15.4,7.0,100.0,814954652.0,0
2025-03-20 18:00:00,13.33,7.0,100.0,854172532.5,0
2025-03-21 00:00:00,9.96,7.0,100.0,864765859.0,0
2025-03-21 06:00:00,18.65,7.0,100.0,813538015.0,0
2025-03-21 12:00:00,7.89,7.0,100.0,822399842.0,0
2025-03-21 18:00:00,12.25,7.0,100.0,845415625.0,0
2025-03-22 00:00:00,14.76,6.0,100.0,911274821.2359152,1
2025-03-22 06:00:00,15.75,7.0,100.0,858718969.0,0
2025-03-22 12:00:00,15.99,7.0,100.0,858366373.0,0
2025-03-22 18:00:00,12.29,7.0,100.0,862950670.0,0
2025-03-23 00:00:00,12.7,6.0,100.0,861877474.0,0
2025-03-23 06:00:00,14.76,6.0,100.0,914839756.6669171,1
2025-03-23 12:00:00,12.03,6.0,100.0,868137350.0,0
2025-03-23 18:00:00,14.23,7.0,100.0,860257514.0,0
2025-03-24 00:00:00,14.76,6.0,100.0,916076463.323658,1
2025-03-24 06:00:00,14.76,6.0,100.0,918446983.0125011,1
2025-03-24 12:00:00,13.64,7.0,100.0,831338847.5,0
2025-03-24 18:00:00,13.01,6.0,100.0,854506576.0,0
2025-03-25 00:00:00,13.32,7.0,100.0,869344521.0,0
2025-03-25 06:00:00,14.76,7.0,100.0,821270182.5,0
2025-03-25 12:00:00,11.62,7.0,100.0,807668046.0,0
2025-03-25 18:00:00,11.41,7.0,100.0,838991851.5,0
2025-03-26 00:00:00,15.15,7.0,100.0,874251070.0,0
2025-03-26 06:00:00,11.21,7.0,100.0,858049183.0,0
2025-03-26 12:00:00,5.69,7.0,100.0,818230458.0,0
2025-03-26 18:00:00,17.01,7.0,100.0,840204490.0,0
2025-03-27 00:00:00,14.76,6.0,100.0,911179713.6995662,1
2025-03-27 06:00:00,14.76,6.0,100.0,916342277.0862961,1
2025-03-27 12:00:00,11.16,7.0,100.0,820458004.0,0
2025-03-27 18:00:00,13.32,7.0,100.0,836240447.0,0
2025-03-28 00:00:00,15.98,7.0,100.0,876354797.0,0
2025-03-28 06:00:00,16.31,7.0,100.0,840074650.5,0
2025-03-28 12:00:00,13.09,7.0,100.0,811991035.0,0
2025-03-28 18:00:00,14.69,7.0,100.0,852467806.0,0
2025-03-29 00:00:00,16.34,7.0,100.0,864708328.0,0
2025-03-29 06:00:00,16.44,7.0,100.0,852479398.0,0
2025-03-29 12:00:00,16.12,7.0,100.0,851027776.5,0
2025-03-29 18:00:00,16.19,7.0,100.0,861193013.5,0
2025-03-30 00:00:00,16.48,7.0,100.0,863215638.0,0
2025-03-30 06:00:00,15.62,7.0,100.0,866597821.0,0
2025-03-30 12:00:00,15.95,7.0,100.0,860644267.0,0
2025-03-30 18:00:00,16.42,7.0,100.0,861566519.0,0
2025-03-31 00:00:00,16.99,7.0,100.0,860398413.0,0
2025-03-31 06:00:00,16.52,7.0,100.0,838443843.0,0
2025-03-31 12:00:00,9.91,7.0,100.0,814780420.0,0
2025-03-31 18:00:00,13.09,7.0,100.0,845323445.33,0
2025-04-01 00:00:00,17.2,7.0,100.0,865705903.0,0
2025-04-01 06:00:00,16.48,7.0,100.0,835139224.0,0
2025-04-01 12:00:00,14.76,6.0,100.0,911857774.1253521,1
2025-04-01 18:00:00,16.02,7.0,100.0,851365860.5,0
2025-04-02 00:00:00,16.57,7.0,100.0,851917104.0,0
2025-04-02 06:00:00,16.07,7.0,100.0,829269024.0,0
2025-04-02 12:00:00,15.03,7.0,100.0,819752051.5,0
2025-04-02 18:00:00,12.36,7.0,100.0,853356968.5,0
2025-04-03 00:00:00,13.0,7.0,100.0,859017942.0,0
2025-04-03 06:00:00,13.22,7.0,100.0,810521797.5,0
2025-04-03 12:00:00,9.92,7.0,100.0,815634515.0,0
2025-04-03 18:00:00,36.2,10.0,10.0,858551952.0,0
2025-04-04 00:00:00,14.76,6.0,100.0,911918704.8671582,1
2025-04-04 06:00:00,25.37,10.0,3.0,848162799.0,0
2025-04-04 12:00:00,14.76,6.0,100.0,916523688.3931198,1
2025-04-04 18:00:00,14.76,6.0,100.0,917761750.9854562,1
2025-04-05 00:00:00,14.76,6.0,100.0,919708894.941551,1
2025-04-05 06:00:00,76.71,13.0,3.0,836262226.0,0
2025-04-05 12:00:00,14.76,6.0,100.0,919760334.4058654,1
2025-04-05 18:00:00,14.76,6.0,100.0,918885561.9796923,1
2025-04-06 00:00:00,14.76,6.0,100.0,920426426.4708456,1
2025-04-06 06:00:00,14.76,6.0,100.0,919736034.918617,1
2025-04-06 12:00:00,14.76,6.0,100.0,919541391.0875229,1
2025-04-06 18:00:00,14.76,6.0,100.0,919852286.014069,1
2025-04-07 00:00:00,14.76,6.0,100.0,920243321.8984023,1
2025-04-07 06:00:00,14.76,6.0,100.0,920043939.3232254,1
2025-04-07 12:00:00,28.39,12.0,3.0,809501602.0,0
2025-04-07 18:00:00,27.57,10.5,10.0,867016973.0,0
2025-04-08 00:00:00,24.7,9.0,3.0,858639286.0,0
2025-04-08 06:00:00,27.1,9.0,3.0,697776713.0,0
2025-04-08 12:00:00,19.6,9.0,3.0,828479924.0,0
2025-04-08 18:00:00,27.32,10.0,10.0,820461326.0,0
2025-04-09 00:00:00,14.76,6.0,100.0,911850022.3522671,1
2025-04-09 06:00:00,14.76,6.0,100.0,916617866.8779167,1
2025-04-09 12:00:00,14.76,6.0,100.0,918877313.6112081,1
2025-04-09 18:00:00,14.76,6.0,100.0,919019432.9906801,1
2025-04-10 00:00:00,28.65,9.0,3.0,864530186.0,0
2025-04-10 06:00:00,14.76,6.0,100.0,919851998.9060472,1
2025-04-10 12:00:00,14.76,6.0,100.0,919581485.227455,1
2025-04-10 18:00:00,14.76,6.0,100.0,920287645.5147614,1
2025-04-11 00:00:00,30.33,9.0,3.0,249246864.0,0
2025-04-11 06:00:00,30.43,9.0,3.0,855586314.0,0
2025-04-11 12:00:00,14.76,6.0,100.0,918973554.701742,1
2025-04-11 18:00:00,14.76,6.0,100.0,925535880.8106751,1
2025-04-12 00:00:00,66.58,13.0,1.0,862297422.0,0
2025-04-12 06:00:00,14.76,6.0,100.0,919403166.5105003,1
2025-04-12 12:00:00,14.76,6.0,100.0,920430026.1530027,1
2025-04-12 18:00:00,74.17,10.0,10.0,255223589.0,0
2025-04-13 00:00:00,63.71,13.0,1.0,262454202.5,0
2025-04-13 06:00:00,61.06,13.0,1.0,558606180.5,0
2025-04-13 12:00:00,14.76,6.0,100.0,898287227.9696795,1
2025-04-13 18:00:00,29.32,9.0,3.0,428432562.33,0
2025-04-14 00:00:00,14.76,6.0,100.0,900215568.9729179,1
2025-04-14 06:00:00,14.76,6.0,100.0,901443445.115295,1
2025-04-14 12:00:00,42.61,15.0,1.0,143235474.0,0
2025-04-14 18:00:00,14.76,6.0,100.0,881873653.7032566,1
2025-04-15 00:00:00,14.76,6.0,100.0,901276917.7625922,1
2025-04-15 06:00:00,14.76,12.0,1.0,148373645.0,0
2025-04-15 12:00:00,60.41,14.0,1.0,418984084.0,0
2025-04-15 18:00:00,14.76,12.0,1.0,859778773.0,0
2025-04-16 00:00:00,14.76,6.0,100.0,892752768.6831225,1
2025-04-16 06:00:00,14.76,6.0,100.0,911660745.4146485,1
2025-04-16 12:00:00,32.35,9.0,3.0,464154071.0,0
2025-04-16 18:00:00,32.24,9.0,3.0,874409231.0,0
2025-04-17 00:00:00,65.43,12.0,1.0,506435383.0,0
2025-04-17 06:00:00,66.23,12.0,1.0,859414694.0,0
2025-04-17 12:00:00,46.97,9.0,3.0,211592445.0,0
2025-04-17 18:00:00,48.21,9.0,3.0,887753631.5,0
2025-04-18 00:00:00,43.65,9.0,3.0,812116339.0,0
2025-04-18 06:00:00,57.1,12.0,3.0,811994886.0,0
2025-04-18 12:00:00,14.76,6.0,100.0,906685495.1369269,1
2025-04-18 18:00:00,26.24,9.0,3.0,830656645.5,0
2025-04-19 00:00:00,58.32,12.0,1.0,810393055.0,0
2025-04-19 06:00:00,14.76,6.0,100.0,913562092.5508628,1
2025-04-19 12:00:00,33.04,9.0,3.0,914088141.0,0
2025-04-19 18:00:00,14.76,6.0,100.0,918039627.7711318,1
2025-04-20 00:00:00,35.0,9.0,3.0,913206433.5,0
2025-04-20 06:00:00,14.76,6.0,100.0,918559791.5684632,1
2025-04-20 12:00:00,27.88,9.0,3.0,921176871.0,0
2025-04-20 18:00:00,28.82,9.0,3.0,919083589.0,0
2025-04-21 00:00:00,14.76,6.0,100.0,919622191.7308038,1
2025-04-21 06:00:00,28.95,9.0,3.0,919760001.5,0
2025-04-21 12:00:00,68.51,10.0,10.0,922066412.0,0
2025-04-21 18:00:00,37.15,9.0,3.0,918163836.0,0
2025-04-22 00:00:00,36.97,9.0,3.0,888774039.0,0
2025-04-22 06:00:00,14.76,6.0,100.0,920242772.0355251,1
2025-04-22 12:00:00,27.07,9.0,3.0,916883060.0,0
2025-04-22 18:00:00,14.76,9.0,3.0,465635049.0,0
2025-04-23 00:00:00,14.76,9.0,3.0,842186419.5,0
2025-04-23 06:00:00,14.76,6.0,100.0,917277276.4642508,1
2025-04-23 12:00:00,14.76,6.0,100.0,922024550.768484,1
2025-04-23 18:00:00,14.76,6.0,100.0,919691684.0341613,1
2025-04-24 00:00:00,14.76,6.0,100.0,919514805.1523741,1
2025-04-24 06:00:00,14.76,6.0,100.0,920368882.079751,1
2025-04-24 12:00:00,14.76,6.0,100.0,919308824.8577583,1
2025-04-24 18:00:00,29.94,9.0,3.0,916745061.0,0
2025-04-25 00:00:00,14.76,6.0,100.0,919383487.8420761,1
2025-04-25 06:00:00,14.76,6.0,100.0,919367849.8889064,1
2025-04-25 12:00:00,12.71,7.0,100.0,911200014.0,0
2025-04-25 18:00:00,26.38,9.0,3.0,913373540.0,0
2025-04-26 00:00:00,14.76,6.0,100.0,919708886.8233607,1
2025-04-26 06:00:00,28.38,9.0,3.0,923378103.0,0
2025-04-26 12:00:00,27.38,9.0,3.0,917247922.5,0
2025-04-26 18:00:00,30.74,9.0,3.0,919285430.0,0
2025-04-27 00:00:00,30.01,9.0,3.0,911373111.0,0
2025-04-27 06:00:00,14.76,6.0,100.0,918829952.3683187,1
2025-04-27 12:00:00,27.42,9.0,3.0,920754861.0,0
2025-04-27 18:00:00,14.76,6.0,100.0,918772931.7862204,1
2025-04-28 00:00:00,14.76,6.0,100.0,919686013.9792122,1
2025-04-28 06:00:00,14.76,6.0,100.0,919462350.644456,1
2025-04-28 12:00:00,14.76,6.0,100.0,919330617.2175851,1
2025-04-28 18:00:00,14.76,6.0,100.0,919384943.9388945,1
2025-04-29 00:00:00,14.76,6.0,100.0,919597578.5592587,1
2025-04-29 06:00:00,25.18,9.0,3.0,918173274.0,0
2025-04-29 12:00:00,21.12,7.0,100.0,922412219.0,0
2025-04-29 18:00:00,7.04,7.0,100.0,924111969.0,0
2025-04-30 00:00:00,14.76,6.0,100.0,919059137.7146779,1
2025-04-30 06:00:00,14.76,6.0,100.0,919030231.1049632,1
2025-04-30 12:00:00,14.74,7.0,100.0,923195756.5,0
2025-04-30 18:00:00,27.86,7.0,100.0,924266601.5,0
2025-05-01 00:00:00,14.76,6.0,100.0,918956106.002742,1
2025-05-01 06:00:00,12.08,6.0,100.0,914463525.0,0
2025-05-01 12:00:00,11.53,7.0,100.0,916110152.0,0
2025-05-01 18:00:00,22.48,7.0,100.0,925794954.0,0
2025-05-02 00:00:00,14.76,6.0,100.0,918671987.9905095,1
2025-05-02 06:00:00,22.96,7.0,100.0,922696757.0,0
2025-05-02 12:00:00,7.72,7.0,100.0,918599421.0,0
2025-05-02 18:00:00,14.25,7.0,100.0,916088468.0,0
2025-05-03 00:00:00,11.61,7.0,100.0,923720626.33,0
2025-05-03 06:00:00,10.72,7.0,100.0,911114838.0,0
2025-05-03 12:00:00,10.83,7.0,100.0,922278709.0,0
2025-05-03 18:00:00,14.76,6.0,100.0,918652195.0046471,1
2025-05-04 00:00:00,6.5,6.0,100.0,922015596.0,0
2025-05-04 06:00:00,6.69,7.0,100.0,917970816.0,0
2025-05-04 12:00:00,16.36,7.0,100.0,923693253.5,0
2025-05-04 18:00:00,14.76,6.0,100.0,918570081.3052118,1
2025-05-05 00:00:00,2.19,7.0,100.0,920964208.0,0
2025-05-05 06:00:00,10.62,7.0,100.0,919446531.0,0
2025-05-05 12:00:00,14.76,6.0,100.0,919174357.3425534,1
2025-05-05 18:00:00,10.64,7.0,100.0,909212794.0,0
2025-05-06 00:00:00,15.95,7.0,100.0,909770011.0,0
2025-05-06 06:00:00,11.27,7.0,100.0,921710496.0,0
2025-05-06 12:00:00,14.76,6.0,100.0,919148900.4866495,1
2025-05-06 18:00:00,26.16,6.0,100.0,923131328.0,0
2025-05-07 00:00:00,12.05,7.0,100.0,901833109.0,0
2025-05-07 06:00:00,21.0,7.0,100.0,924529089.0,0
2025-05-07 12:00:00,14.76,7.0,100.0,922288914.0,0
2025-05-07 18:00:00,14.76,7.0,100.0,914571279.0,0
2025-05-08 00:00:00,14.76,7.0,100.0,922865893.0,0
2025-05-08 06:00:00,14.76,6.0,100.0,918723020.0101124,1
2025-05-08 12:00:00,14.76,6.0,100.0,918917296.5366725,1
2025-05-08 18:00:00,12.83,7.0,100.0,918547151.5,0
2025-05-09 00:00:00,14.9,7.0,100.0,918892603.0,0
2025-05-09 06:00:00,13.68,7.0,100.0,90334903.0,0
2025-05-09 12:00:00,16.61,7.0,100.0,923545284.0,0
2025-05-09 18:00:00,11.46,7.0,100.0,926330981.0,0
2025-05-10 00:00:00,22.82,7.0,100.0,914464089.0,0
2025-05-10 06:00:00,0.61,7.0,100.0,892025208.0,0
2025-05-10 12:00:00,13.02,7.0,100.0,922670150.5,0
2025-05-10 18:00:00,9.72,7.0,100.0,921840206.0,0
2025-05-11 00:00:00,23.58,7.0,100.0,922430923.0,0
2025-05-11 06:00:00,12.05,7.0,100.0,912587735.0,0
2025-05-11 12:00:00,16.08,7.0,100.0,925192403.0,0
2025-05-11 18:00:00,17.84,7.0,100.0,925003260.0,0
2025-05-12 00:00:00,14.76,6.0,100.0,918738456.3060724,1
2025-05-12 06:00:00,11.03,7.0,100.0,914534447.0,0
2025-05-12 12:00:00,18.03,7.0,100.0,923061914.0,0
2025-05-12 18:00:00,14.76,6.0,100.0,920342852.0,0
2025-05-13 00:00:00,14.76,6.0,100.0,919232558.7984413,1
2025-05-13 06:00:00,13.71,6.0,100.0,923980759.0,0
2025-05-13 12:00:00,10.97,7.0,100.0,919864169.0,0
2025-05-13 18:00:00,11.59,7.0,100.0,916928704.0,0
2025-05-14 00:00:00,20.54,7.0,100.0,915120283.5,0
2025-05-14 06:00:00,16.32,7.0,100.0,921489464.0,0
2025-05-14 12:00:00,8.79,7.0,100.0,911994285.5,0
2025-05-14 18:00:00,9.99,7.0,100.0,924103502.0,0
2025-05-15 00:00:00,14.76,6.0,100.0,918820518.7241426,1
2025-05-15 06:00:00,14.76,6.0,100.0,918730331.8023638,1
2025-05-15 12:00:00,14.76,6.0,100.0,918699102.8880637,1
2025-05-15 18:00:00,14.76,7.0,100.0,922748633.0,0
2025-05-16 00:00:00,14.76,7.0,100.0,901685618.0,0
2025-05-16 06:00:00,14.76,6.0,100.0,919198425.9303794,1
2025-05-16 12:00:00,15.99,7.0,100.0,892707766.0,0
2025-05-16 18:00:00,14.75,7.0,100.0,922906335.0,0
2025-05-17 00:00:00,16.14,7.0,100.0,911059311.0,0
2025-05-17 06:00:00,25.11,7.0,100.0,764249955.0,0
2025-05-17 12:00:00,23.18,7.0,100.0,913415974.0,0
2025-05-17 18:00:00,16.65,7.0,100.0,921915604.5,0
2025-05-18 00:00:00,14.76,6.0,100.0,919889411.6419623,1
2025-05-18 06:00:00,15.81,7.0,100.0,840589943.5,0
2025-05-18 12:00:00,33.43,7.0,100.0,767037255.0,0
2025-05-18 18:00:00,7.98,7.0,100.0,919064823.0,0
2025-05-19 00:00:00,14.76,6.0,100.0,918437031.2944226,1
2025-05-19 06:00:00,21.78,7.0,100.0,924726687.0,0
2025-05-19 12:00:00,15.81,7.0,100.0,904738945.0,0
2025-05-19 18:00:00,13.2,7.0,100.0,910323257.0,0
2025-05-20 00:00:00,15.68,7.0,100.0,919525081.0,0
2025-05-20 06:00:00,14.76,6.0,100.0,919209504.8078563,1
2025-05-20 12:00:00,57.47,12.0,1.0,911064601.0,0
2025-05-20 18:00:00,15.23,7.0,100.0,909989901.0,0
2025-05-21 00:00:00,14.76,6.0,100.0,919537394.6667565,1
2025-05-21 06:00:00,16.13,7.0,100.0,913365549.0,0
2025-05-21 12:00:00,14.69,7.0,100.0,923898558.0,0
2025-05-21 18:00:00,14.76,6.0,100.0,918642311.423407,1
2025-05-22 00:00:00,14.76,6.0,100.0,918926866.3584027,1
2025-05-22 06:00:00,16.87,7.0,100.0,922219279.5,0
2025-05-22 12:00:00,13.33,7.0,100.0,827431114.0,0
2025-05-22 18:00:00,13.59,7.0,100.0,857372839.0,0
2025-05-23 00:00:00,19.25,7.0,100.0,917131552.0,0
2025-05-23 06:00:00,18.85,7.0,100.0,787902764.0,0
2025-05-23 12:00:00,14.76,6.0,100.0,917924135.6925448,1
2025-05-23 18:00:00,16.12,7.0,100.0,905136069.67,0
2025-05-24 00:00:00,16.1,7.0,100.0,923327751.0,0
2025-05-24 06:00:00,16.43,7.0,100.0,921076934.0,0
2025-05-24 12:00:00,14.82,7.0,100.0,908328823.0,0
2025-05-24 18:00:00,15.95,7.0,100.0,893360367.5,0
2025-05-25 00:00:00,14.81,7.0,100.0,923929875.0,0
2025-05-25 06:00:00,15.69,7.0,100.0,923640225.0,0
2025-05-25 12:00:00,15.9,7.0,100.0,882587698.0,0
2025-05-25 18:00:00,14.22,7.0,100.0,923115839.5,0
2025-05-26 00:00:00,17.09,7.0,100.0,910242427.0,0
2025-05-26 06:00:00,16.97,7.0,100.0,913890753.0,0
2025-05-26 12:00:00,13.23,7.0,100.0,925317047.0,0
2025-05-26 18:00:00,15.07,7.0,100.0,916037965.0,0
2025-05-27 00:00:00,16.17,7.0,100.0,923642972.0,0
2025-05-27 06:00:00,15.43,7.0,100.0,920127140.0,0
2025-05-27 12:00:00,14.32,7.0,100.0,919138686.5,0
2025-05-27 18:00:00,14.76,6.0,100.0,918843669.4987973,1
2025-05-28 00:00:00,22.84,7.0,100.0,911028243.0,0
2025-05-28 06:00:00,14.76,6.0,100.0,919115500.5823112,1
2025-05-28 12:00:00,10.66,7.0,100.0,910242721.0,0
2025-05-28 18:00:00,11.88,7.0,100.0,887621439.5,0
2025-05-29 00:00:00,14.76,6.0,100.0,919681502.0748532,1
2025-05-29 06:00:00,11.24,7.0,100.0,894885052.5,0
2025-05-29 12:00:00,10.36,7.0,100.0,904895873.0,0
2025-05-29 18:00:00,12.08,7.0,100.0,922179615.0,0
2025-05-30 00:00:00,15.24,7.0,100.0,921859477.0,0
2025-05-30 06:00:00,16.18,7.0,100.0,891133694.0,0
2025-05-30 12:00:00,20.71,7.0,100.0,744071092.0,0
2025-05-30 18:00:00,17.61,7.0,100.0,911229207.0,0
2025-05-31 00:00:00,14.76,6.0,100.0,918707506.023739,1
2025-05-31 06:00:00,14.76,6.0,100.0,920263379.0160128,1
2025-05-31 12:00:00,10.01,7.0,100.0,907600911.67,0
2025-05-31 18:00:00,14.76,6.0,100.0,918848163.3389754,1
2025-06-01 00:00:00,14.76,6.0,100.0,919864069.8930048,1
2025-06-01 06:00:00,16.36,7.0,100.0,919680955.0,0
2025-06-01 12:00:00,14.16,7.0,100.0,924638406.5,0
2025-06-01 18:00:00,15.82,7.0,100.0,923220954.0,0
2025-06-02 00:00:00,14.76,6.0,100.0,919013392.9858272,1
2025-06-02 06:00:00,15.71,7.0,100.0,921962154.5,0
2025-06-02 12:00:00,16.03,7.0,100.0,920124105.0,0
2025-06-02 18:00:00,19.25,7.0,100.0,924532417.0,0
2025-06-03 00:00:00,14.76,6.0,100.0,918715273.6450258,1
2025-06-03 06:00:00,16.62,7.0,100.0,923832357.0,0
2025-06-03 12:00:00,10.95,7.0,100.0,922802538.0,0
2025-06-03 18:00:00,7.92,7.0,100.0,892904020.5,0
2025-06-04 00:00:00,14.76,6.0,100.0,919953057.4153228,1
2025-06-04 06:00:00,11.42,7.0,100.0,919271960.67,0
2025-06-04 12:00:00,13.21,7.0,100.0,896860820.0,0
2025-06-04 18:00:00,22.11,7.0,100.0,898578769.5,0
2025-06-05 00:00:00,14.76,6.0,100.0,919590739.2206763,1
2025-06-05 06:00:00,17.53,7.0,100.0,907991596.5,0
2025-06-05 12:00:00,18.05,7.0,100.0,898003271.0,0
2025-06-05 18:00:00,11.5,7.0,100.0,911998839.0,0
2025-06-06 00:00:00,14.76,6.0,100.0,919206253.1334733,1
2025-06-06 06:00:00,12.09,7.0,100.0,921439338.0,0
2025-06-06 12:00:00,17.0,7.0,100.0,898333187.5,0
2025-06-06 18:00:00,15.43,7.0,100.0,920494742.0,0
2025-06-07 00:00:00,28.34,7.0,100.0,920052293.5,0
2025-06-07 06:00:00,14.76,6.0,100.0,918775079.549598,1
2025-06-07 12:00:00,14.83,7.0,100.0,917348891.5,0
2025-06-07 18:00:00,14.76,6.0,100.0,918935187.9156923,1
2025-06-08 00:00:00,14.76,6.0,100.0,919155967.7404702,1
2025-06-08 06:00:00,11.74,7.0,100.0,914991434.0,0
2025-06-08 12:00:00,8.63,7.0,100.0,907936401.0,0
2025-06-08 18:00:00,14.76,6.0,100.0,919315090.0875345,1
2025-06-09 00:00:00,12.19,7.0,100.0,923798458.0,0
2025-06-09 06:00:00,12.17,7.0,100.0,921544012.0,0
2025-06-09 12:00:00,6.82,7.0,100.0,859467681.0,0
2025-06-09 18:00:00,15.68,7.0,100.0,918186263.0,0
2025-06-10 00:00:00,11.03,7.0,100.0,924950323.0,0
2025-06-10 06:00:00,12.93,7.0,100.0,888106449.5,0
2025-06-10 12:00:00,11.77,7.0,100.0,913171587.0,0
2025-06-10 18:00:00,15.15,7.0,100.0,922695050.0,0
2025-06-11 00:00:00,14.76,7.0,100.0,923538807.0,0
2025-06-11 06:00:00,14.76,7.0,100.0,862869667.0,0
2025-06-11 12:00:00,10.2,7.0,100.0,911276958.5,0
2025-06-11 18:00:00,7.68,7.0,100.0,906549182.5,0
2025-06-12 00:00:00,12.46,7.0,100.0,913776357.0,0
2025-06-12 06:00:00,12.27,7.0,100.0,911689964.0,0
2025-06-12 12:00:00,15.67,7.0,100.0,902071402.0,0
2025-06-12 18:00:00,14.76,6.0,100.0,919226461.7712605,1
2025-06-13 00:00:00,12.31,7.0,100.0,907753514.0,0
2025-06-13 06:00:00,11.9,7.0,100.0,896759605.0,0
2025-06-13 12:00:00,13.62,7.0,100.0,924112060.5,0
2025-06-13 18:00:00,14.76,6.0,100.0,918243256.3062317,1
2025-06-14 00:00:00,14.76,7.0,100.0,921754235.0,0
2025-06-14 06:00:00,12.19,7.0,100.0,920203713.5,0
2025-06-14 12:00:00,12.58,7.0,100.0,907755284.0,0
2025-06-14 18:00:00,12.02,7.0,100.0,902722812.0,0
2025-06-15 00:00:00,12.17,7.0,100.0,923287932.5,0
2025-06-15 06:00:00,11.82,7.0,100.0,914885579.0,0
2025-06-15 12:00:00,14.76,6.0,100.0,918545055.9286017,1
2025-06-15 18:00:00,14.76,6.0,100.0,918699503.3387219,1
2025-06-16 00:00:00,14.76,6.0,100.0,919209873.7409571,1
2025-06-16 06:00:00,14.76,6.0,100.0,919096013.5552626,1
2025-06-16 12:00:00,14.76,6.0,100.0,918946211.5042399,1
2025-06-16 18:00:00,14.76,7.0,100.0,914519085.0,0
2025-06-17 00:00:00,14.76,7.0,100.0,920076507.0,0
2025-06-17 06:00:00,11.64,7.0,100.0,911219195.0,0
2025-06-17 12:00:00,11.4,7.0,100.0,839272554.5,0
2025-06-17 18:00:00,12.01,7.0,100.0,895461599.5,0
2025-06-18 00:00:00,11.84,7.0,100.0,909271723.0,0
2025-06-18 06:00:00,10.93,7.0,100.0,903429203.5,0
2025-06-18 12:00:00,11.2,7.0,100.0,907897454.0,0
2025-06-18 18:00:00,13.69,7.0,100.0,856217344.0,0
2025-06-19 00:00:00,12.41,7.0,100.0,858158631.0,0
2025-06-19 06:00:00,12.02,7.0,100.0,898741371.0,0
2025-06-19 12:00:00,11.72,7.0,100.0,918721715.0,0
2025-06-19 18:00:00,10.07,7.0,100.0,856951649.0,0
2025-06-20 00:00:00,9.55,7.0,100.0,921594644.0,0
2025-06-20 06:00:00,11.8,7.0,100.0,918252899.5,0
2025-06-20 12:00:00,6.78,7.0,100.0,904343692.0,0
2025-06-20 18:00:00,10.0,7.0,100.0,863819673.0,0
2025-06-21 00:00:00,8.86,7.0,100.0,917743012.5,0
2025-06-21 06:00:00,11.86,7.0,100.0,917961638.5,0
2025-06-21 12:00:00,15.14,7.0,100.0,923564677.0,0
2025-06-21 18:00:00,13.35,7.0,100.0,911055212.0,0
2025-06-22 00:00:00,12.11,7.0,100.0,893463530.5,0
2025-06-22 06:00:00,11.68,7.0,100.0,911685063.0,0
2025-06-22 12:00:00,14.76,6.0,100.0,918731909.2830273,1
2025-06-22 18:00:00,12.77,7.0,100.0,889150830.5,0
2025-06-23 00:00:00,11.51,7.0,100.0,912258135.0,0
2025-06-23 06:00:00,11.52,7.0,100.0,896665436.5,0
2025-06-23 12:00:00,14.76,6.0,100.0,919493386.8218163,1
2025-06-23 18:00:00,14.76,6.0,100.0,919198911.2131815,1
2025-06-24 00:00:00,14.76,6.0,100.0,919165459.2130854,1
2025-06-24 06:00:00,14.76,7.0,100.0,900520085.0,0
2025-06-24 12:00:00,14.76,6.0,100.0,919296495.730422,1
2025-06-24 18:00:00,14.76,6.0,100.0,919408209.3254123,1
2025-06-25 00:00:00,14.76,6.0,100.0,919452923.337408,1
2025-06-25 06:00:00,14.76,6.0,100.0,918998350.3160021,1
2025-06-25 12:00:00,14.76,6.0,100.0,918902890.2038379,1
2025-06-25 18:00:00,14.76,6.0,100.0,919182226.3342079,1
2025-06-26 00:00:00,14.76,6.0,100.0,919403215.5634848,1
2025-06-26 06:00:00,14.76,6.0,100.0,919088696.2794437,1
2025-06-26 12:00:00,14.76,7.0,100.0,909276815.0,0
2025-06-26 18:00:00,14.76,7.0,100.0,893440833.0,0
2025-06-27 00:00:00,14.76,7.0,100.0,894615980.5,0
2025-06-27 06:00:00,11.51,7.0,100.0,907308022.5,0
2025-06-27 12:00:00,14.6,7.0,100.0,890451585.0,0
2025-06-27 18:00:00,11.87,7.0,100.0,911476921.0,0
2025-06-28 00:00:00,11.7,7.0,100.0,923902392.0,0
2025-06-28 06:00:00,12.34,7.0,100.0,900391868.5,0
2025-06-28 12:00:00,10.15,7.0,100.0,814387523.33,0
2025-06-28 18:00:00,11.32,7.0,100.0,911163122.0,0
2025-06-29 00:00:00,12.63,7.0,100.0,909168413.0,0
2025-06-29 06:00:00,12.59,7.0,100.0,915828888.5,0
2025-06-29 12:00:00,29.7,9.0,3.0,910217625.0,0
2025-06-29 18:00:00,11.58,7.0,100.0,878029605.0,0
2025-06-30 00:00:00,21.03,7.0,100.0,913678390.5,0
2025-06-30 06:00:00,12.41,7.0,100.0,917871385.5,0
2025-06-30 12:00:00,11.62,7.0,100.0,921751009.0,0
2025-06-30 18:00:00,14.76,7.0,100.0,900651478.5,0
2025-07-01 00:00:00,11.47,7.0,100.0,917233446.5,0
2025-07-01 06:00:00,15.26,7.0,100.0,909797148.0,0
2025-07-01 12:00:00,13.57,7.0,100.0,882118132.0,0
2025-07-01 18:00:00,8.72,6.0,100.0,910428343.0,0
2025-07-02 00:00:00,14.76,6.0,100.0,918994226.9728262,1
2025-07-02 06:00:00,12.47,6.0,100.0,913652265.5,0
2025-07-02 12:00:00,11.84,6.0,100.0,906566613.0,0
2025-07-02 18:00:00,12.26,6.0,100.0,906830051.5,0
2025-07-03 00:00:00,12.26,6.0,100.0,911428488.0,0
2025-07-03 06:00:00,12.92,6.0,100.0,911476669.5,0
2025-07-03 12:00:00,13.25,6.0,100.0,918607209.0,0
2025-07-03 18:00:00,8.46,6.0,100.0,923910153.0,0
2025-07-04 00:00:00,12.35,6.0,100.0,919430961.33,0
2025-07-04 06:00:00,14.76,6.0,100.0,918428670.6349156,1
2025-07-04 12:00:00,13.74,6.0,100.0,919536355.0,0
2025-07-04 18:00:00,10.97,6.0,100.0,906967080.0,0
2025-07-05 00:00:00,7.35,6.0,100.0,924162272.0,0
2025-07-05 06:00:00,10.05,6.0,100.0,915300559.0,0
2025-07-05 12:00:00,10.77,6.0,100.0,909051215.0,0
2025-07-05 18:00:00,5.58,6.0,100.0,918867718.5,0
2025-07-06 00:00:00,13.48,6.0,100.0,913916284.5,0
2025-07-06 06:00:00,14.76,6.0,100.0,918471104.0184047,1
2025-07-06 12:00:00,-3.3,6.0,100.0,924581240.0,0
2025-07-06 18:00:00,0.36,6.0,100.0,922142706.5,0
2025-07-07 00:00:00,10.76,6.0,100.0,924528996.0,0
2025-07-07 06:00:00,14.76,6.0,100.0,918480369.5206602,1
2025-07-07 12:00:00,35.42,11.0,10.0,41550089.0,0
2025-07-07 18:00:00,37.0,9.0,10.0,800069208.0,0
2025-07-08 00:00:00,35.9,10.0,10.0,839075459.67,0
2025-07-08 06:00:00,34.08,11.0,10.0,922224553.5,0
2025-07-08 12:00:00,62.99,9.0,10.0,249901788.5,0
2025-07-08 18:00:00,14.76,6.0,100.0,896588789.2684426,1
2025-07-09 00:00:00,25.42,9.0,10.0,924792143.67,0
2025-07-09 06:00:00,11.94,6.0,100.0,909877387.5,0
2025-07-09 12:00:00,27.28,9.0,10.0,914231913.0,0
2025-07-09 18:00:00,13.05,9.0,10.0,917325243.0,0
2025-07-10 00:00:00,11.69,6.0,100.0,924809313.0,0
2025-07-10 06:00:00,11.61,6.0,100.0,922748310.0,0
2025-07-10 12:00:00,14.6,6.0,100.0,922589639.0,0
2025-07-10 18:00:00,11.5,6.0,100.0,922379924.0,0
2025-07-11 00:00:00,11.97,9.0,10.0,908013933.0,0
2025-07-11 06:00:00,14.76,6.0,100.0,918679829.9786657,1
2025-07-11 12:00:00,14.76,6.0,100.0,918712893.4468428,1
2025-07-11 18:00:00,14.76,6.0,100.0,918718543.410206,1
2025-07-12 00:00:00,14.76,6.0,100.0,918717487.2474352,1
2025-07-12 06:00:00,14.76,6.0,100.0,918430557.8554494,1
2025-07-12 12:00:00,14.76,6.0,100.0,918486621.1934863,1
2025-07-12 18:00:00,14.76,6.0,100.0,918803618.8333627,1
2025-07-13 00:00:00,14.76,6.0,100.0,918891520.1191642,1
2025-07-13 06:00:00,14.76,6.0,100.0,918574883.2254281,1
2025-07-13 12:00:00,14.76,6.0,100.0,918548690.9106613,1
2025-07-13 18:00:00,14.76,6.0,100.0,918684052.9551691,1
2025-07-14 00:00:00,14.76,6.0,100.0,919419331.662643,1
2025-07-14 06:00:00,14.76,6.0,100.0,919164676.9795569,1
2025-07-14 12:00:00,14.76,6.0,100.0,919072333.6303537,1
2025-07-14 18:00:00,14.76,6.0,100.0,923088635.0,0
2025-07-15 00:00:00,14.76,6.0,100.0,909293298.0,0
2025-07-15 06:00:00,11.63,6.0,100.0,919677023.0,0
2025-07-15 12:00:00,12.21,6.0,100.0,915254046.0,0
2025-07-15 18:00:00,11.53,6.0,100.0,917925029.5,0
2025-07-16 00:00:00,11.42,6.0,100.0,922698003.0,0
2025-07-16 06:00:00,11.78,6.0,100.0,907782545.5,0
2025-07-16 12:00:00,11.32,6.0,100.0,922282260.0,0
2025-07-16 18:00:00,12.1,6.0,100.0,910428797.0,0
2025-07-17 00:00:00,11.6,6.0,100.0,914691728.0,0
2025-07-17 06:00:00,12.31,6.0,100.0,914780949.0,0
2025-07-17 12:00:00,15.15,6.0,100.0,922802736.0,0
2025-07-17 18:00:00,15.71,6.0,100.0,924111414.0,0
2025-07-18 00:00:00,11.73,6.0,100.0,919918215.0,0
2025-07-18 06:00:00,12.21,6.0,100.0,915993503.0,0
2025-07-18 12:00:00,13.92,6.0,100.0,898052286.0,0
2025-07-18 18:00:00,11.4,6.0,100.0,917046841.0,0
2025-07-19 00:00:00,12.57,6.0,100.0,923219246.5,0
2025-07-19 06:00:00,12.22,6.0,100.0,906115432.0,0
2025-07-19 12:00:00,11.5,6.0,100.0,918531360.0,0
2025-07-19 18:00:00,11.74,6.0,100.0,923377364.0,0
2025-07-20 00:00:00,11.93,6.0,100.0,922282445.0,0
2025-07-20 06:00:00,12.01,6.0,100.0,925786639.0,0
2025-07-20 12:00:00,12.53,6.0,100.0,915599463.5,0
2025-07-20 18:00:00,11.99,6.0,100.0,918239242.0,0
2025-07-21 00:00:00,11.28,6.0,100.0,913885087.0,0
2025-07-21 06:00:00,11.83,6.0,100.0,917377141.0,0
2025-07-21 12:00:00,13.06,6.0,100.0,921254847.0,0
